matrix.ncol...1..nrow...0.,dura_clus$cluster,pace_clus$cluster,sect_clus$cluster,loud_clus$cluster,pitches_clus$cluster,timbre_clus$cluster
TRAAABD128F429CF47,2,2,1,3,2,2
TRAAAEF128F4273421,1,2,1,3,1,2
TRAAAFD128F92F423A,2,3,1,3,3,2
TRAAARJ128F9320760,1,2,2,3,3,2
TRAABJV128F1460C49,1,3,2,3,2,2
TRAABLR128F423B7E3,3,2,2,3,2,3
TRAABVM128F92CA9DC,1,3,2,3,2,2
TRAACER128F4290F96,2,3,1,3,3,2
TRAACFV128F935E50B,2,3,3,3,1,3
TRAACHN128F1489601,1,3,1,1,3,2
TRAADLH12903CA70EE,2,2,3,1,3,2
TRAADNA128F9331246,1,2,2,3,1,2
TRAADQX128F422B4CF,2,3,3,3,1,1
TRAADYB128F92D7E73,1,2,1,3,2,3
TRAADYI128E078FB38,1,2,1,3,1,3
TRAAENC128F1451DE9,1,2,1,3,2,3
TRAAFMS128F933AB23,1,2,1,2,2,2
TRAAFUJ128F933F42B,2,2,3,3,3,1
TRAAGCZ128F93210FD,1,2,1,2,1,3
TRAAGEC128E079252C,3,2,2,2,2,2
TRAAGGE128F9325E2C,1,3,1,2,3,3
TRAAGHM128EF35CF8E,1,3,1,3,2,3
TRAAGJV128F1464090,2,3,1,3,1,3
TRAAGMJ12903CAD7D4,1,2,2,3,1,3
TRAAGPF12903CE027E,2,2,1,2,2,3
TRAAGPJ128F428CD1B,1,2,1,3,2,3
TRAAGVM128E0784D95,1,2,1,3,1,2
TRAAHEG128E07861C3,2,2,3,1,3,1
TRAAHRF128F92FE234,1,3,2,2,2,3
TRAAHZP12903CA25F4,2,3,3,2,1,1
TRAAIAE128F42AC53D,1,3,2,3,2,3
TRAAIAX128F930531B,1,2,1,1,2,2
TRAAIHL128F92E6DDA,1,2,2,3,2,1
TRAAIII128F427D5D8,1,3,2,2,2,3
TRAAJAC128F148B530,1,3,2,3,2,3
TRAAJEK128F422F55A,2,2,3,3,1,3
TRAAJJA12903CC518A,1,3,2,3,3,3
TRAAJJG128F4284B27,1,3,1,2,2,3
TRAAJMH128E0785407,1,3,2,3,1,3
TRAAJYX128F4255568,1,3,1,3,1,3
TRAAKAS128F4246013,3,2,2,2,2,2
TRAAMES128F42AF068,3,3,2,2,2,3
TRAAMFG128F92FDEA2,2,3,1,2,2,1
TRAAMPA128F92E7D0D,2,2,3,2,3,1
TRAAMYQ128F148B753,2,2,1,3,2,3
TRAANBH128F9345A6C,2,3,3,3,1,2
TRAAOIN128F9303790,2,2,1,1,3,2
TRAAOJI128F1458DCD,1,3,1,3,3,2
TRAAOYG128F9314996,2,3,1,3,2,3
TRAAPCC128F42519A7,1,2,2,3,1,3
TRAAPGF128F1458F8B,3,3,2,3,1,3
TRAAPIV128F1493132,3,3,2,3,2,2
TRAAPPQ128F14961F5,1,2,1,3,3,2
TRAAQBF12903CF796B,2,3,1,2,2,1
TRAAQCK128F92E8C33,1,3,1,2,1,3
TRAAQIH128F428BDEA,2,3,1,3,1,3
TRAAQUC128F9322A82,1,3,2,3,3,2
TRAAQZQ128EF35C51A,1,2,1,3,3,2
TRAARSF12903CD1B12,2,2,3,3,2,3
TRAASFP128F42980BD,1,2,2,3,1,2
TRAASGM128EF34DBB0,1,3,1,3,1,2
TRAASQC128F93480F0,2,3,3,3,3,2
TRAASUZ128F9314950,1,2,1,3,1,2
TRAATIU128F4291A84,1,2,1,3,3,2
TRAATMY128F149562F,3,3,2,3,2,3
TRAATNJ128F42631BA,1,3,2,3,1,2
TRAATPA128F146753C,2,2,3,3,3,2
TRAAUEO128E0780CB9,1,2,1,3,3,2
TRAAUGD128F42734DA,1,2,3,2,1,3
TRAAUMN128F4273561,1,2,2,3,1,2
TRAAUZX128F92F3D53,1,3,2,2,1,3
TRAAVGB12903CFAA99,2,3,1,3,2,3
TRAAVOK12903CC4773,1,3,1,2,2,2
TRAAVOU128F422F292,1,2,2,1,3,2
TRAAVRJ128F92FF90A,2,3,1,3,2,3
TRAAWGY128F4298A09,2,2,2,1,3,2
TRAAWOR128F92DF3C8,2,2,1,3,2,2
TRAAWQD12903CAA968,2,3,3,3,2,3
TRAAXIR128F92D1938,2,2,3,3,2,3
TRAAXMX128F9307699,2,2,3,3,1,3
TRAAXUY128F426BA55,2,3,1,3,2,2
TRAAYPN128F9340DDF,1,2,3,3,2,2
TRAAZBD128F427A97D,1,2,3,1,1,1
TRAAZGC12903CB5DFB,1,3,2,3,1,2
TRAAZKV12903CDDFE0,3,3,2,3,1,2
TRAAZQW128F93430DC,1,3,1,3,1,3
TRABAFJ128F42AF24E,1,2,1,3,1,2
TRABBOP128F931B50D,1,3,1,3,2,2
TRABBXU128F92FEF48,2,2,1,3,1,2
TRABCIX128F4265903,1,2,2,2,1,3
TRABCKL128F423A778,1,2,1,3,3,2
TRABDTV128E0791839,3,3,1,3,3,1
TRABEBP12903C9BA03,1,3,1,3,3,2
TRABEKF128F42765FF,1,3,1,1,3,2
TRABEXK12903CCE19B,1,2,2,2,2,2
TRABFKN12903CAF61B,1,2,3,1,1,2
TRABFZX128F4241355,1,2,1,3,3,2
TRABGHG128F934B27E,2,2,3,3,1,2
TRABGLK128F9338730,1,3,2,3,1,2
TRABGMB12903CF50FE,2,2,1,3,3,3
TRABHBA128F424CF80,1,2,2,3,3,2
TRABHVL128F92EFB0E,1,3,1,1,3,2
TRABHWW128F424E9D2,1,3,1,3,2,3
TRABIPA128F1458F79,3,3,2,3,1,2
TRABIZY128F933C696,2,2,3,1,3,2
TRABJIX128C7196953,1,2,2,3,1,3
TRABJWA128F9309C09,1,3,1,1,2,2
TRABKBS128F42823EC,1,2,3,3,3,2
TRABLGI128F42B867A,2,3,1,3,1,2
TRABLLK128F428FFAF,3,3,2,3,2,2
TRABLMN128E0792687,2,3,1,3,1,2
TRABLQE128F92E5E75,2,2,3,3,1,2
TRABLTP128F930DC6D,1,2,2,3,2,2
TRABLYQ128F429A9F8,1,3,1,3,1,2
TRABMZZ128F4249C60,2,2,3,3,3,2
TRABNET128F14560AC,2,3,2,3,2,3
TRABNEX128F92C9DEA,3,2,2,1,1,2
TRABNLE128EF34B85D,1,2,1,3,1,3
TRABOOL128F426E836,1,3,2,2,1,3
TRABOXX128F92F29EB,2,3,1,3,2,3
TRABPAU128F429C1BD,2,2,3,2,3,3
TRABPGO128F931B50C,2,2,3,3,1,3
TRABPHE128F42A1E65,1,2,2,3,1,2
TRABPJW128F147295E,1,3,2,3,2,3
TRABPUI12903CF22CE,2,3,1,1,1,2
TRABQZK128F92F54F4,2,3,1,2,2,1
TRABRMJ128E0780E42,1,3,1,3,3,2
TRABRMZ128F4261DED,1,3,3,3,1,3
TRABRRN12903CF084B,1,3,2,3,2,3
TRABSAR128F42324A8,1,3,1,3,3,2
TRABSEN128F424AA36,1,3,1,3,3,2
TRABTXS128F92E2FDC,3,2,1,2,2,1
TRABUDK128F14943F3,1,3,1,2,1,3
TRABUIN128F93022FF,1,2,2,2,3,1
TRABUUH128F4241346,2,2,1,2,1,2
TRABUVN128F930633C,1,2,2,2,1,1
TRABUZC128E078603F,1,3,1,2,3,3
TRABVWG128F9359323,1,2,1,3,1,2
TRABWPT128F42B06CC,2,2,1,3,2,3
TRABXLH128F935F8E7,2,2,1,3,1,3
TRABXPR128F92F27FE,1,2,1,3,1,2
TRABXVE128F4284AFC,2,3,1,3,2,2
TRABYAR128F931B1A4,1,2,2,2,2,3
TRABYEY128F933773A,3,3,1,2,3,3
TRABYOS12903CC4A81,1,3,1,2,2,1
TRABYVN128F429E5CF,1,3,1,3,3,3
TRABZCL128E0789AED,1,2,2,2,2,3
TRABZRZ128F42628AD,1,3,2,2,2,3
TRACASH128F931C969,1,3,1,3,3,2
TRACBLO128E0784286,1,3,1,3,3,2
TRACBRM128F425C2C3,2,2,1,3,3,2
TRACBWP128C7196948,1,2,1,3,1,3
TRACBWQ128F92F2B91,2,3,3,3,2,3
TRACBWX128F92FD725,1,3,1,2,3,1
TRACCEJ128F93257ED,1,2,2,3,2,1
TRACCJA128F149A144,2,2,1,3,2,1
TRACCSW128F148C7C3,1,2,1,3,1,3
TRACCVZ128F4291A8A,1,3,1,3,3,2
TRACDCZ128F4285AE0,2,2,1,3,2,3
TRACFAP128E07862C1,1,2,2,3,3,3
TRACFOJ128F4253EFA,1,3,2,3,2,3
TRACFOV128F9340D81,1,2,1,3,3,2
TRACFWQ12903CF8148,1,3,2,2,1,3
TRACFXL128F930B28B,1,3,2,3,2,3
TRACFZI128E0795424,2,2,3,3,1,2
TRACHFO12903CB3009,2,2,1,3,1,3
TRACHHH128E0788A35,2,3,3,3,3,1
TRACHKX128F934B07A,1,2,3,2,1,1
TRACICJ128F14ADFB8,2,2,1,3,2,2
TRACISV12903D13877,2,3,1,3,3,3
TRACJPW128F932CA4C,1,2,2,1,2,2
TRACJWY12903CB7DBF,2,2,1,1,2,3
TRACKAP128F425B741,3,3,1,2,2,1
TRACKVZ128F4285793,1,3,1,3,2,3
TRACKWV128F934B6B0,1,2,1,1,3,2
TRACLHC128F9343C39,1,2,1,3,1,3
TRACLRS12903CE9386,2,2,1,3,2,3
TRACLRV128EF33FAB8,2,2,1,3,3,2
TRACMCG128F92CE225,1,2,2,3,3,2
TRACMHD128F931FB14,1,3,2,1,3,2
TRACMMG128F146D705,2,2,1,1,3,2
TRACMXG12903CA2541,1,2,2,2,1,1
TRACNXS128F93395BA,1,3,1,1,3,2
TRACNXU12903C9CDFF,1,2,1,3,2,2
TRACOHQ128F424C5EF,1,3,1,1,3,2
TRACOSS12903CE4724,1,2,1,3,1,3
TRACOTY128F930BCFA,2,3,1,2,1,1
TRACOUL128F425BDE0,1,3,2,1,3,2
TRACPIC128E0792500,2,3,3,3,1,2
TRACRON12903CB59E6,1,2,2,2,2,2
TRACRTS128F9300F7E,2,2,3,1,3,2
TRACRVJ128F14661D6,2,2,1,1,1,2
TRACSBL128F42480E8,1,2,1,3,3,3
TRACSIE128F427F98E,1,2,1,3,2,3
TRACSTF128F4238A87,2,2,1,2,2,3
TRACTHF128F4295A22,1,3,1,3,2,3
TRACTLX128F42A51F6,3,3,2,1,1,3
TRACTUH128F92C93A3,2,2,1,3,1,2
TRACTWW12903CB7550,1,3,1,3,2,2
TRACUCQ128F92FFBF7,1,2,2,3,2,3
TRACUCT128F422BC2F,2,3,3,1,1,3
TRACVBQ128E07855EE,2,2,1,1,3,3
TRACVFF12903CF055A,2,3,3,2,3,2
TRACVSS128E07846A7,2,3,3,3,3,2
TRACWBO128F92F322F,2,3,3,3,1,2
TRACWFA128F4265BDF,2,2,3,3,1,2
TRACWYD128F1465B4A,3,1,3,2,1,3
TRACXGH128F931686C,1,3,1,3,2,3
TRACXYU128F425EEE8,1,2,3,3,2,3
TRACYCJ128F9309246,1,2,1,2,1,1
TRACYDP128F932BC8E,2,3,3,1,3,2
TRACYMH12903CA01DF,1,3,1,3,1,2
TRACYOV128F92CB613,2,3,3,3,2,3
TRACZJA128F429E665,1,3,1,3,2,3
TRADABC128F4274FCC,2,3,1,3,1,2
TRADAFY128F145B77B,2,1,3,3,2,3
TRADAYS12903CDBE0F,1,3,2,3,2,2
TRADAZP12903D0A480,2,2,3,2,3,3
TRADBXG12903CBDEC5,1,3,1,2,1,3
TRADCHC128F42134B5,1,2,2,3,1,3
TRADCIM128F427A3A1,1,3,2,3,3,3
TRADCUZ128F92E6775,1,3,1,2,2,1
TRADDBK128F1483FF8,2,3,1,3,2,2
TRADDCV128F423BAB0,1,3,2,1,3,2
TRADDRF128F145869F,1,3,1,2,3,2
TRADDYJ128F4275431,1,3,3,2,2,2
TRADESF128F4214D8E,1,3,1,3,3,2
TRADFAQ128F428AC13,2,3,3,3,2,2
TRADFID128F4267231,1,2,1,2,2,3
TRADFII128F931FC9F,3,2,2,3,3,2
TRADFJJ128F934857E,2,3,3,1,3,2
TRADFOJ128F425107D,1,3,1,3,3,3
TRADFOQ128F9335409,2,2,1,1,2,3
TRADFQK128F422B492,2,3,3,3,2,2
TRADFXD128F424694C,2,3,3,3,1,2
TRADGLP128F427A172,2,2,3,3,1,2
TRADGWP128F42618E4,3,2,2,3,1,3
TRADGXI128F92EF28F,2,3,3,3,3,2
TRADHGK128F428A000,1,3,1,3,3,2
TRADHLD128F4241363,1,3,1,3,3,2
TRADHLI128F428FEFD,2,3,3,2,3,2
TRADHUZ128F148885D,1,2,3,1,1,3
TRADHXU12903CB4400,2,3,1,3,1,3
TRADJAO128F146D76E,1,2,2,1,3,2
TRADJGI128F148B0F6,2,3,3,3,1,2
TRADJHU128F425459F,1,3,1,2,1,2
TRADJKG12903CE049F,1,2,1,1,3,2
TRADJSM128F14894AA,1,2,2,2,1,2
TRADKAX128E0786B92,2,3,1,1,3,2
TRADKDX128F9320676,1,3,1,2,2,1
TRADKLT128F9304E1D,1,2,1,2,1,2
TRADLBJ128F423A031,1,3,1,2,2,3
TRADLYD128F92FEBFF,1,3,1,3,1,2
TRADMAJ128F92F566E,1,2,1,3,1,3
TRADMFK12903CC2478,2,3,3,1,1,2
TRADNRG128F4295A0E,1,2,1,3,2,1
TRADNRU128F428AC6D,2,2,3,3,1,2
TRADOAJ128F428DA46,1,3,2,3,3,2
TRADODV128F4283EB6,1,2,1,2,3,3
TRADOSF128F9338ADB,2,2,1,2,1,2
TRADOWO12903CD9BA2,2,2,3,3,2,1
TRADOZB128F42312BB,2,2,3,3,1,2
TRADPDI128F92EBD32,2,3,3,2,1,2
TRADPPX128E078B0BC,2,2,1,3,2,3
TRADQBK128F92E8B5F,2,3,1,3,2,2
TRADQJL128F92D9957,3,2,1,2,1,3
TRADRED12903CA4B7C,1,2,3,3,1,2
TRADRHX12903CCD1DF,2,2,3,3,1,3
TRADRJK128E078F041,1,3,2,3,2,1
TRADRNN128F92F7172,1,2,1,2,1,3
TRADROR128F42936A4,3,3,2,3,1,3
TRADSQZ128F42707D7,2,2,3,3,2,3
TRADSVJ12903C9CDFA,1,3,1,3,1,2
TRADTID128F9305BC4,2,3,1,1,3,3
TRADUKH128F4256D1B,1,3,1,3,3,2
TRADUOU12903CF4323,3,1,2,2,1,1
TRADVSU128E0786371,1,2,1,3,2,2
TRADWAU128F145622F,2,2,3,3,2,2
TRADWOB12903C9D1EB,1,2,1,3,1,1
TRADXCF128EF357134,2,2,3,3,1,3
TRADXCO128F426B26D,1,2,1,3,3,3
TRADXMA128F4276D94,2,2,3,2,1,1
TRADXNV128F42B4DFE,1,2,1,3,1,3
TRADYJM128F427E05B,3,2,2,3,3,2
TRADYQK128F42A762A,1,3,2,1,3,2
TRADZQV128F14A5760,2,3,1,2,3,2
TRADZXK128F429DB92,2,2,3,2,1,3
TRADZZP128F428BCE6,2,3,1,3,3,2
TRAEADK128F4270AA6,3,3,2,1,2,1
TRAEARU128E0781A02,1,3,1,2,2,3
TRAEASY128F148247C,2,3,1,1,2,3
TRAEAZV12903D0CBA6,3,2,2,3,2,3
TRAEBXS128F429933A,1,2,1,3,3,1
TRAECBR128F429F8C0,2,2,3,3,1,2
TRAECSU128F426A84A,1,3,2,3,3,2
TRAECWI128F4226133,2,3,2,3,3,2
TRAEDXO128F421B908,3,3,1,1,1,2
TRAEDYD128F425A868,2,2,3,1,1,1
TRAEFDK128F1473B92,2,3,3,3,1,2
TRAEFON128E078C6F8,1,2,2,3,2,2
TRAEFUS12903CC2779,2,3,3,1,1,2
TRAEGAZ128F426240C,2,1,3,3,2,3
TRAEGGV128F92F29B2,2,3,1,3,3,2
TRAEGUL128E078B0C1,2,2,2,3,2,2
TRAEHNA128F423786C,1,3,2,3,1,3
TRAEHOI12903CD02C8,1,2,1,3,2,1
TRAEHTU128F93353E5,2,3,1,3,1,2
TRAEHXW128F146F3C5,2,3,1,2,2,3
TRAEHYF128F148AE0C,2,3,1,2,1,1
TRAEIIO128F92E08FD,2,2,1,3,3,2
TRAEJPC12903CD420E,1,2,1,3,2,3
TRAELHH128F92CF21E,2,2,1,3,1,2
TRAEMDH128F146B548,2,3,3,1,1,2
TRAEMGL128F4266177,1,2,2,3,2,1
TRAEMNZ128F9334662,1,3,1,1,2,2
TRAEMTU128EF363016,1,2,1,3,3,3
TRAEMXB128F429FA26,2,3,3,3,2,3
TRAEMZO12903CC525F,1,2,2,3,1,2
TRAENGX12903CBDFF6,3,3,2,3,2,2
TRAENOH128F933978A,1,3,1,3,1,2
TRAENVO128E0781A16,2,2,1,2,3,3
TRAENYD128F424AA32,1,2,3,3,3,2
TRAEOBA12903CAFAB0,2,3,3,1,1,3
TRAEOGO128F93302B9,1,3,2,2,2,2
TRAEOMS128F4262357,2,3,3,3,2,3
TRAEOOH128F934ACD4,2,3,3,3,3,2
TRAEOUE128F93187B9,1,3,1,3,3,2
TRAEPAC12903CE5DC8,2,2,3,3,3,3
TRAEPAW128F4285BAB,2,3,1,2,2,1
TRAEPGH128F9343CD8,2,2,1,1,3,3
TRAEPGQ128F932AE6D,2,3,1,3,2,2
TRAEPPP128F92F11E8,1,2,3,3,1,3
TRAEPZJ12903CB00C4,1,3,2,1,3,2
TRAEQQE128F42920E3,2,2,1,3,2,3
TRAEQWJ12903CF5475,1,2,2,3,2,2
TRAEQZR128F92E9D73,2,3,1,3,2,3
TRAEROB12903CE3E7D,2,3,3,1,1,3
TRAERPT128F931103E,2,3,1,3,3,2
TRAESDC12903CCEA5E,1,3,1,3,1,2
TRAESJK128E0792227,2,2,3,3,1,1
TRAESQE128F92D0349,1,2,3,2,3,3
TRAESRT12903CC70CE,2,2,1,1,1,2
TRAETAG128F93385AE,3,3,2,2,2,1
TRAETPQ128F92E562A,2,3,1,3,2,3
TRAETTV12903CBBD09,3,3,2,2,1,3
TRAETYC128F933BBF4,1,3,2,3,2,3
TRAEUHN128F92E2C7F,1,2,2,1,2,2
TRAEUIW12903D018F0,2,2,3,3,2,2
TRAEUVH128F422559A,1,2,1,3,2,3
TRAEVHU128F92D9EA0,1,2,2,2,2,3
TRAEVIA12903CC3C37,2,2,3,3,3,2
TRAEVLO128F933DE9E,1,1,3,3,1,1
TRAEVRI128F93608F3,1,2,1,3,2,3
TRAEVRU128F4263351,2,3,3,2,2,1
TRAEVTK128F9337030,1,3,2,2,3,3
TRAEWHH128F428F3AB,1,3,1,3,1,2
TRAEWLF128F42B1F89,1,3,1,3,1,3
TRAEXEA128F933C67D,2,2,1,3,2,2
TRAEXHW128F92E2602,1,2,1,2,3,2
TRAEXTM128E07811E1,2,2,3,3,1,1
TRAEZFJ128F422A5C0,1,2,1,3,3,2
TRAFAAS12903CF0BE2,1,2,2,2,1,1
TRAFABO128F933DE53,1,3,2,1,1,2
TRAFAID128F4243DAF,1,3,1,2,1,1
TRAFAJC128E078888B,2,3,3,3,2,3
TRAFAQY12903CA70F7,2,3,3,1,3,2
TRAFBML128F93163FB,2,3,3,3,3,2
TRAFBVU128F426B3F6,1,2,2,1,3,2
TRAFCVI128C7196BE6,1,3,1,2,2,3
TRAFCWJ128F42515AE,1,3,2,3,2,3
TRAFDFD128F14B07AB,2,2,3,3,3,2
TRAFEEO12903CFEC87,3,2,2,3,3,2
TRAFEPC128F4237505,1,2,1,2,1,3
TRAFGKU128F42889EF,1,2,1,3,2,2
TRAFGMJ128F930F532,1,3,2,3,3,2
TRAFGYR128F930F410,1,2,2,1,1,3
TRAFHJI128F9302CFF,2,2,1,1,1,3
TRAFHKA128F429F7C0,2,3,1,3,2,3
TRAFHWP128F9333343,1,3,2,2,2,3
TRAFIGU12903CC70C2,1,2,3,1,1,2
TRAFIHK12903CBDFF1,1,3,1,1,2,2
TRAFIQB128F423DCBA,1,3,1,3,1,2
TRAFISG128F4263F8A,2,3,3,3,1,3
TRAFJIW128E078E1DE,1,2,1,2,1,1
TRAFJVH128F42BC25E,1,2,1,3,1,1
TRAFKDG12903CAB85C,1,2,1,3,2,2
TRAFKRE128F932002B,1,2,1,1,1,2
TRAFLMU128F4274A4D,1,2,2,3,1,1
TRAFLZY128F148959F,2,2,1,3,3,2
TRAFMHB12903CF4F12,2,2,1,3,2,1
TRAFMIA128F92E2B2B,2,3,1,2,2,1
TRAFMME128F932B4D5,2,3,3,1,3,2
TRAFMPX128F4246C49,1,2,1,3,3,2
TRAFNNT128F92E4E81,1,2,2,3,2,3
TRAFOKY128F4276D91,2,3,3,3,1,1
TRAFOKY128F92ED751,1,2,1,3,2,2
TRAFQFD128F9343706,2,3,1,1,3,2
TRAFQFM128E078EC97,1,3,2,3,1,3
TRAFQVV128F4260033,1,2,1,1,3,2
TRAFRCH12903CEA22D,2,3,3,3,1,3
TRAFRKU128F933CE16,3,2,1,1,2,3
TRAFRVU128F42649A6,1,3,1,3,2,2
TRAFRYJ128F92E638B,3,3,2,3,3,3
TRAFSLJ128F14913B0,2,3,1,3,2,1
TRAFTCT128F425A900,2,2,3,3,1,3
TRAFTFF128F930F77C,1,2,1,2,1,3
TRAFTMA128F933A3D7,1,3,1,3,3,2
TRAFTOE12903CF3F5E,2,1,3,3,2,3
TRAFUWI128F934C730,1,3,2,3,3,2
TRAFVDV128F42936BA,1,3,2,3,2,2
TRAFWEV128F428D391,2,3,2,3,1,3
TRAFWRG128F4295089,2,3,1,3,1,2
TRAFXCP128F93182DD,2,2,3,1,1,3
TRAFXEY128F148AECD,1,2,3,3,1,3
TRAFXZW128F14B0914,1,3,1,2,3,2
TRAFYAV128F42ACA8C,2,3,3,3,1,3
TRAFYGA128F425A92C,1,2,2,2,1,2
TRAFYGO128F42727E7,1,3,2,2,2,1
TRAFYYU128F4229376,2,2,3,3,3,2
TRAFZHK128F145E86B,1,2,3,3,3,2
TRAFZIM128F427D344,2,3,3,3,3,2
TRAFZRL128F428E465,1,3,1,3,1,3
TRAGAAF128F9338911,1,2,2,3,1,3
TRAGAGQ128E0781352,1,3,1,3,3,2
TRAGALM128F4236C86,2,2,3,3,1,1
TRAGANK128F428A5CD,2,3,3,3,3,2
TRAGAVF128F424829B,2,2,1,1,2,2
TRAGBHV128F4295074,2,3,3,3,1,2
TRAGBND128F92FC400,1,2,1,3,1,3
TRAGBOR128F92E1064,3,3,2,1,3,2
TRAGBPI128E0792998,3,2,2,3,3,2
TRAGCSY128F14546B1,2,2,3,3,2,2
TRAGCTZ128F4290974,2,2,1,2,2,2
TRAGDCN128F92F9050,1,3,2,3,1,2
TRAGDEA128F4279040,1,2,2,3,2,2
TRAGDFG128F42934A0,1,3,3,3,1,2
TRAGDLM128F4233397,3,2,2,2,2,1
TRAGDPH128F9344020,2,3,3,3,3,2
TRAGDPS128F145F8EE,1,3,1,2,2,3
TRAGDRH128F93182E1,2,1,3,1,3,3
TRAGDVU12903CDCD8B,1,2,1,2,2,3
TRAGEAS128F4258B9E,2,2,1,2,2,3
TRAGEQI128F429154D,3,2,2,3,1,2
TRAGETA128F4272C38,2,3,3,3,3,2
TRAGEXH12903CB4C10,2,2,3,3,2,3
TRAGFOI128F428E060,1,2,2,2,1,2
TRAGFQG128F42418D5,2,2,3,3,3,3
TRAGFVT128F92ECB5D,1,3,2,2,1,2
TRAGGKN12903CCA8EE,1,3,2,2,3,3
TRAGGMY12903CD9533,1,3,3,3,1,2
TRAGGVS128F4250CE8,3,3,2,3,3,2
TRAGHBP128E0793AF7,1,2,2,2,2,3
TRAGHJX128F426F76F,1,2,2,3,2,3
TRAGIKK128F42424EF,1,3,1,2,3,3
TRAGJPA128F92F9665,1,3,2,2,1,2
TRAGJQL128E078E840,1,2,1,3,2,3
TRAGJYM128F934B753,2,3,3,1,3,2
TRAGKMU128F429757E,2,3,1,3,3,2
TRAGKMU128F9305831,2,2,1,2,2,1
TRAGKTN128F933C68B,2,3,1,3,2,2
TRAGKUI128F92F4698,3,2,2,3,3,2
TRAGKXH128F933D9BB,1,2,1,3,1,3
TRAGLAE12903CFFEED,3,2,2,3,3,2
TRAGLFE128F428566B,1,2,2,2,1,3
TRAGLHT12903CCDB86,1,1,1,3,2,2
TRAGLKL12903CEDE95,2,3,1,3,1,3
TRAGLMS128F425FE0A,2,2,1,3,1,3
TRAGLSU128F145FFB2,1,2,2,3,2,3
TRAGLZM128F931C995,1,3,2,3,1,2
TRAGMXK128F9305A50,2,3,1,3,1,3
TRAGNAX128F9313AE8,1,3,2,3,2,2
TRAGNBQ128F149CB93,2,3,1,1,1,2
TRAGNFZ12903CD04C2,2,2,3,1,3,2
TRAGNGY12903C9CD76,2,3,1,3,1,3
TRAGNUI128F1471068,2,3,2,3,1,2
TRAGOVG128F42A963D,1,2,1,3,1,2
TRAGPAF128EF34542A,2,2,3,3,1,2
TRAGPEA128F422B47E,2,3,3,3,2,3
TRAGPMR128F930C0D8,3,3,2,3,1,2
TRAGPZS128F9332248,2,3,3,2,2,1
TRAGQBY128F42635B7,1,2,1,2,2,3
TRAGQQK128F42561AB,1,3,2,3,2,1
TRAGQVO128F145C0AF,2,3,3,2,1,1
TRAGROY128F92D2C53,1,3,1,3,2,3
TRAGSGF128E0780CA7,1,3,2,3,2,2
TRAGSIX128F92E0933,1,3,3,3,1,2
TRAGSJK128F1491F0A,1,2,1,2,3,1
TRAGSJQ128F149EF8D,2,3,3,1,3,2
TRAGSZA128F146A11A,1,2,1,2,1,2
TRAGTNK128F14732E1,1,3,1,3,2,3
TRAGTUF128F42297F1,2,2,1,2,1,1
TRAGVAO128F4289B5D,1,2,2,3,1,1
TRAGVGB128F423098D,1,2,1,3,3,3
TRAGVRL128F4264526,1,2,2,2,2,3
TRAGWDA128F1473193,2,2,1,3,2,3
TRAGWJK12903CE640F,1,2,2,3,3,3
TRAGWMO12903CFD994,2,3,3,2,3,2
TRAGWTT128F148CF2C,1,2,1,1,2,2
TRAGXNU128F932C7D8,2,3,3,1,1,1
TRAGXUZ128F9311745,2,3,3,3,1,2
TRAGYDZ12903D0957F,1,3,1,3,2,3
TRAGYJM128EF3466D2,1,3,2,3,3,2
TRAGYKT128F92F5D8A,2,2,1,3,2,1
TRAGYXL128F92F9FCB,1,2,2,3,3,3
TRAGZCW128EF34B85B,1,3,1,2,1,3
TRAGZHM12903CAEF3A,1,2,1,1,1,2
TRAGZOK128F14ADF45,1,2,2,3,1,3
TRAHBOC128F9322A62,1,3,1,3,1,2
TRAHBOV128F92EF77A,2,2,1,1,1,2
TRAHBQT128F4213403,2,3,3,3,1,3
TRAHCBD128F9336A3E,2,2,1,3,1,3
TRAHCHN128F4276D58,1,2,3,3,1,2
TRAHCRI128F4255C6E,1,3,1,3,1,3
TRAHCVT128F4282806,3,3,2,1,3,2
TRAHEQC128F42153D6,1,2,1,2,2,3
TRAHFAH12903CA7F20,1,2,2,3,1,3
TRAHFCR128F422A375,1,3,1,3,1,1
TRAHFHR12903CCCAF8,2,3,3,1,1,2
TRAHFOU128F42B3F2A,2,1,3,2,1,1
TRAHFYH128F92CE223,3,3,2,3,1,2
TRAHHMV12903CD0B0D,1,2,1,1,1,3
TRAHHSV128F42374E3,1,3,2,3,2,1
TRAHIJE128F4243356,2,3,1,3,3,2
TRAHIPA128F4279744,2,3,1,1,2,2
TRAHIXN128F147F25D,2,2,3,2,2,3
TRAHJCI128F92FFB38,1,2,1,3,3,3
TRAHJPC128F4268DC7,1,2,1,3,2,2
TRAHKMS128F934B09E,1,2,1,3,3,2
TRAHKRO128F9320EA7,1,3,2,1,3,2
TRAHKUS128F425ABD8,1,3,1,2,2,1
TRAHLDM128F933A3B1,1,2,2,2,2,1
TRAHLIF128F92E9CCF,1,3,1,3,2,2
TRAHLNJ128F4214527,1,3,2,3,2,3
TRAHLVW128F426684F,1,3,2,3,1,3
TRAHMIV128F14693DC,1,2,2,3,1,2
TRAHNPU128F42AEE9C,2,2,3,2,3,1
TRAHOOP128F42B62AB,3,3,2,3,3,3
TRAHORF12903CDA9FB,2,3,3,2,2,3
TRAHPBE128F93071CF,1,3,1,1,1,1
TRAHPHY128F9345BA0,1,2,2,2,2,1
TRAHQYK128F426A82F,1,3,2,3,3,2
TRAHRRS128F4282F7A,1,2,1,1,2,2
TRAHSAW128F4253EFC,2,3,3,3,2,2
TRAHSQL128F4288AC7,2,2,3,3,1,3
TRAHSTL128F931708D,1,2,1,3,2,1
TRAHTZN128F421A41F,2,3,3,3,2,3
TRAHUQT128F4281228,2,3,3,3,3,3
TRAHUZS12903C9D9DD,2,3,3,2,2,1
TRAHVUK128F1456988,1,2,2,1,1,3
TRAHVWT128F148D428,2,3,1,3,3,3
TRAHVZW128F146477A,1,3,1,1,3,2
TRAHWBP12903CAEBFC,1,2,2,3,1,2
TRAHWMN128F145DB77,2,3,1,3,1,3
TRAHWSF128F934B190,2,3,3,3,2,1
TRAHXEG128F428F1EC,1,2,1,3,1,2
TRAHXGG128F9350452,2,3,1,1,3,2
TRAHXJE12903CB8095,2,3,3,3,2,3
TRAHXWI128F428B7DA,1,2,1,2,1,3
TRAHYDH128F9325200,2,2,2,3,1,2
TRAHYMJ128E0787801,3,2,2,3,1,3
TRAHYON12903CC36EF,1,2,1,2,2,1
TRAHZIL12903CF1DC2,2,3,1,3,1,2
TRAHZMM128E07838FF,1,2,1,3,1,2
TRAIACZ128F428C60A,2,2,1,3,1,1
TRAIAIH128F9308AC7,2,3,1,3,1,2
TRAIAJU128F42581EF,2,3,3,2,1,3
TRAIATD128F9331CD6,1,2,3,2,3,1
TRAIBXJ128F4260700,1,2,3,1,3,3
TRAIBXQ128F425E6A5,1,2,1,3,3,1
TRAICIL128F42598E2,2,2,1,3,1,2
TRAICIO12903CBD65B,2,3,1,3,1,2
TRAICJQ12903CF2681,3,2,2,2,1,3
TRAIDIU128F92F11C7,1,3,2,3,3,1
TRAIELD128F92DC682,2,3,1,2,1,3
TRAIFSM128F42722F1,2,3,3,3,1,2
TRAIGSC128F933BBD7,2,3,3,2,2,3
TRAIGYC128F93474E4,2,3,1,3,2,3
TRAIHFF128EF351817,2,2,1,3,1,2
TRAIHZO12903CC4C78,1,3,1,2,2,3
TRAIIOG12903CD02C5,2,3,3,1,2,2
TRAIISE128F42AE299,2,3,1,3,2,3
TRAIJMG12903D08168,2,2,3,3,3,2
TRAIJWN12903CF2C76,2,2,1,1,3,2
TRAIKBB128F428AD73,2,2,3,3,1,2
TRAIKSH128E07816DF,1,3,1,2,2,3
TRAILKS128F14A3AC9,2,2,3,3,1,2
TRAILLW128F4278C90,1,3,1,3,2,2
TRAILNM12903CD17D2,3,3,2,3,1,1
TRAILUH128E0784D6D,2,2,1,2,1,2
TRAIMDW128F14B0B75,1,2,2,3,1,1
TRAINGP12903C956AD,1,3,1,3,1,3
TRAINIF128F426416B,1,2,1,3,3,1
TRAINYU128F4246BD1,1,3,2,1,1,2
TRAIOBB128F146A944,1,3,1,3,1,2
TRAIOWX128F14750E5,1,3,1,3,1,2
TRAIPBF12903D074F5,2,3,3,3,3,3
TRAIPST128F9302AE9,3,3,1,2,2,3
TRAIPZY128E0787299,1,3,1,3,2,2
TRAIQDI128F92E8E1F,3,3,2,2,2,3
TRAIQKO128F92E5970,1,2,1,3,2,3
TRAIQMW128E07854BD,1,2,1,3,1,2
TRAIQNF128F428386A,1,2,3,3,1,2
TRAIQUG128F92F946E,1,3,2,2,3,2
TRAIQVJ128F93235B3,3,2,1,1,1,2
TRAIRLU128F92D0250,2,2,1,2,1,3
TRAISNF128E078B72C,1,2,2,2,1,2
TRAISYO128E07888A6,1,3,1,2,2,1
TRAISYU128F427F486,1,2,1,3,2,3
TRAITDY128F149431C,3,2,2,2,1,2
TRAITHR128F42B7E26,1,3,2,2,2,1
TRAITRS128F9308142,2,3,1,3,2,3
TRAIUPS128F92F2825,3,3,1,1,1,2
TRAIUYZ128F425BD2F,1,2,3,2,1,1
TRAIVMM128F4266056,2,2,1,2,2,3
TRAIVVQ128F146AB17,1,3,2,3,2,3
TRAIWNA128F145E2CD,1,2,1,2,1,3
TRAIWQJ128F4287A6F,2,3,1,3,1,2
TRAIWZZ128F9306AFF,2,2,1,3,1,2
TRAIYAT128F931FEA5,1,2,1,2,1,1
TRAIYDL128E0791583,1,2,1,3,1,3
TRAIZQI128F42A51F9,1,2,1,1,2,3
TRAIZUC12903CBBEAC,1,2,3,3,1,2
TRAIZWI128F4247EFD,1,1,1,3,2,3
TRAJAPH128F4271357,2,3,3,3,1,2
TRAJAZP128F4290FF9,1,3,1,3,3,2
TRAJBGL128F145C7A8,1,2,1,3,1,2
TRAJBJG128F14A1EA1,1,2,1,3,3,1
TRAJBSL128F428A021,2,2,3,3,2,3
TRAJBTZ12903CB818C,2,3,3,3,2,3
TRAJCIR128F146ABA7,2,2,1,3,1,2
TRAJCLY128F930F893,1,2,1,3,1,1
TRAJDGB128F42882AC,3,3,2,1,3,3
TRAJDRG128F4217923,1,2,2,3,1,3
TRAJDTK128F429FFDF,2,3,1,3,2,3
TRAJEBQ128F146E00E,1,3,1,1,1,2
TRAJEZT128E0795DF3,3,3,1,3,2,3
TRAJFDU128F426A5F4,2,2,1,1,1,2
TRAJFFF128F429874A,1,3,1,3,2,2
TRAJFMH12903D052DC,1,2,1,3,2,2
TRAJFQF128F92E354E,1,3,2,3,2,1
TRAJFRJ128F9328FF1,1,3,2,1,2,2
TRAJGGP12903CCE582,2,1,1,3,2,2
TRAJHCO128F42570C1,1,2,1,2,1,1
TRAJHCS128F93192B5,2,2,1,3,2,3
TRAJHDR128F92FA863,1,3,1,3,2,3
TRAJHEE12903CB937A,1,3,1,2,1,2
TRAJHHE128F146815C,1,3,2,1,1,3
TRAJHYF128F1451DDF,1,1,1,1,2,1
TRAJIIR128F149AE01,1,3,2,3,1,2
TRAJIUK128F42668E6,1,3,1,1,3,2
TRAJJPB128F1456D6A,1,3,2,3,1,3
TRAJKMI128F4281107,1,2,1,3,1,1
TRAJLEC128F93385A1,1,2,3,3,2,3
TRAJLNF128F422658C,2,3,1,3,2,1
TRAJLOY128F92E4EAF,1,2,1,2,2,3
TRAJMEL128F4262B4A,1,3,1,3,1,2
TRAJMQE128F9322DDD,2,2,3,3,1,2
TRAJMZL12903CA4807,2,3,1,3,1,2
TRAJNFM128F42A625C,1,3,2,3,2,1
TRAJNWY128E078907F,1,2,2,3,3,3
TRAJOIH128F14B08F7,2,2,1,3,1,3
TRAJPIK128F1460C83,2,2,3,2,3,3
TRAJPIQ128F14819A8,1,2,3,1,1,2
TRAJPPJ128F1497140,2,3,1,3,1,2
TRAJPPX128F4259FD4,2,3,1,3,3,2
TRAJRBF12903CDCA3F,1,2,1,2,2,1
TRAJRTY128F426CF1F,2,2,3,3,2,3
TRAJSFB128F4270AED,2,2,1,3,1,3
TRAJSNU128F92F2AC0,1,2,1,3,1,3
TRAJSOQ128F92C6A6B,1,2,2,2,2,3
TRAJSQA128F4263330,2,3,3,3,1,2
TRAJSRH128F425DDC7,1,2,3,3,1,2
TRAJTDG128E0792698,1,2,1,3,1,3
TRAJTYX128F145AD24,2,3,1,3,3,2
TRAJUPF128F4231A2C,2,2,3,2,1,3
TRAJUPI128F9324529,2,2,1,3,1,2
TRAJXBS12903CDCE2C,1,3,1,3,3,2
TRAJXNB128F4261F43,1,3,2,2,2,3
TRAJXOF128F933407C,1,2,1,2,3,2
TRAJZCH128F933D2B7,2,3,1,3,1,2
TRAJZVL128F9342662,2,2,3,3,2,2
TRAJZYI128F424B412,2,3,1,3,3,2
TRAKAFU12903CB4234,2,3,3,3,3,2
TRAKAGL128F148B3B7,2,3,3,1,3,3
TRAKARY128F427253E,1,3,1,1,2,2
TRAKBON128F9311039,2,3,1,3,1,2
TRAKCAE128F92DACD8,2,3,1,3,2,2
TRAKCFG128F149D9B7,2,3,1,3,1,2
TRAKCNI128F427BA71,1,3,1,3,1,2
TRAKDCQ128F42A247A,1,2,2,1,3,3
TRAKDDB128F92D168A,1,3,1,3,1,1
TRAKDMK128F92F9AFC,1,2,2,2,1,2
TRAKEBX128F423A5FA,1,3,1,3,1,3
TRAKFSV128F4257C10,2,2,3,3,1,2
TRAKFYU128F4283EB5,2,2,1,3,3,3
TRAKGAX128F4264182,1,2,2,3,2,3
TRAKGDZ12903CE4867,1,2,1,1,3,2
TRAKGGU128F428D83C,1,2,1,3,1,2
TRAKHUW12903CF0048,1,3,2,3,1,2
TRAKHXX128E07877EB,1,2,1,1,1,2
TRAKHYP128E0792F07,2,2,1,2,2,3
TRAKIJI128F42494D1,1,3,1,3,3,3
TRAKJTB128F148C560,1,3,1,2,3,1
TRAKJYQ128F934B22E,1,3,2,2,2,3
TRAKKOH128F42AF40E,2,3,1,2,2,2
TRAKLEZ128F4270649,1,3,2,2,2,1
TRAKLHO128F42BA554,1,3,1,3,1,2
TRAKLML128E07999DA,2,3,1,3,2,3
TRAKMGY128F4269E37,2,2,3,3,1,2
TRAKMLM128F14932B0,1,3,1,3,1,2
TRAKMUO128F4215890,1,3,1,2,2,3
TRAKOAK128F4248629,2,3,3,3,1,3
TRAKOEB128F1478783,2,3,3,3,3,2
TRAKOPE128F421CE6A,2,2,3,3,2,3
TRAKOXF128F1477B81,2,3,1,3,1,2
TRAKPET128F92FD69F,2,3,3,3,3,2
TRAKPJC128F4258613,1,3,1,3,1,2
TRAKPSJ128F146BFC2,2,2,3,2,1,3
TRAKPSR128F146A1DC,1,2,3,3,1,2
TRAKPUY128F4271101,2,3,1,1,2,2
TRAKQEA128F1495E21,2,2,1,3,1,3
TRAKQFZ128F429D3C9,3,2,2,2,1,3
TRAKQXJ128F147A028,2,3,1,3,3,2
TRAKREH128F42750C6,2,3,3,1,3,2
TRAKRQK12903CB3006,1,3,1,3,1,3
TRAKRQW128F427D6E3,1,2,2,3,1,3
TRAKRXM128F4250E33,2,3,3,3,1,3
TRAKRXN128F42670BE,1,2,2,2,1,3
TRAKSPS128F933B3D9,1,3,2,2,2,3
TRAKTFQ128F145698C,1,2,2,2,1,1
TRAKTWZ128EF35E206,1,2,3,3,1,3
TRAKTZY128F148C55C,1,2,1,2,3,3
TRAKUJS128F14668E5,2,2,3,3,3,3
TRAKUKL128F4295046,1,3,2,3,2,2
TRAKVNJ128F932AF0F,1,2,3,2,2,3
TRAKVSG128EF34E609,1,2,3,2,2,3
TRAKWNL12903CC37B6,3,3,2,2,2,3
TRAKWTG128F42454E2,2,2,1,1,1,2
TRAKWXS128F930F798,2,3,1,2,3,3
TRAKWXV128F42889FB,2,3,3,3,3,2
TRAKWZL128F93346EE,1,3,1,3,2,2
TRAKXIR128F92CF85A,2,2,3,2,2,3
TRAKXLR128F9308F5A,2,2,1,3,3,1
TRAKXMS12903CB36F2,1,2,1,3,1,2
TRAKXPA12903CA8B1A,2,3,1,3,2,3
TRAKXPE128F1462FF2,1,2,1,3,2,2
TRAKXYJ128F42525ED,2,2,3,1,3,2
TRAKYON128F429470C,1,2,1,3,2,2
TRAKYWY128F9310CF4,1,2,2,3,2,2
TRAKYXS128F4248FE3,2,3,1,3,3,2
TRAKZHN128F426C3D2,1,3,1,3,1,3
TRAKZMB128F427B44F,1,2,1,3,1,2
TRALAHF128F4248198,1,3,1,2,2,2
TRALAKV12903CBD7F6,3,3,2,3,1,2
TRALAZG128F93170BF,2,3,1,2,2,3
TRALBFX12903D00703,1,2,2,3,3,2
TRALBIA128F4272082,2,3,3,2,3,3
TRALCCO12903CEBB97,1,3,1,2,1,2
TRALDDK128F9300AC5,1,2,2,2,3,3
TRALDEZ128F4265BF7,1,2,2,2,2,3
TRALDSB12903CB4242,2,2,1,3,3,2
TRALDUE128F9312AF2,1,2,1,3,1,2
TRALDWN128EF33FB6E,1,2,2,3,1,2
TRALECB128F42A35E8,1,2,1,2,2,2
TRALEER128F4268E6D,2,2,3,3,1,3
TRALENK128F92F39E9,2,3,3,3,3,2
TRALEPN128F9311179,2,3,1,3,1,3
TRALFBU12903CC030F,1,2,2,3,1,2
TRALFLE128F92E166E,2,2,3,3,1,1
TRALGCD128F42A6346,2,2,1,2,1,3
TRALGJT12903CC460F,1,2,1,3,1,3
TRALHIQ12903D00496,2,3,1,3,1,2
TRALHMS128F930C08C,2,3,1,3,3,2
TRALIHU12903CFF040,2,1,3,3,2,1
TRALIIP128F4246C80,2,2,3,3,3,3
TRALIQF128F930B7B0,1,2,3,2,1,2
TRALJAZ128F933DE4A,1,3,2,3,3,2
TRALJBT128F4266FD8,2,2,3,3,3,1
TRALJKN128F92C5F5E,1,2,3,1,3,3
TRALJVQ128F428C764,1,2,1,3,1,3
TRALKBS128F423BB4C,3,2,1,3,1,3
TRALKHJ128F92E9D36,2,3,3,3,2,2
TRALLAR128F933C692,2,2,1,1,1,2
TRALLKK128F427B064,2,3,3,1,3,2
TRALLOU12903CC36FE,2,3,3,3,2,1
TRALLQJ128F933C68A,1,3,3,3,2,2
TRALLQX12903CD838C,1,3,2,3,2,3
TRALLRJ128F428CB6F,2,3,2,1,1,2
TRALLSP128F148AD75,1,2,3,3,2,3
TRALMTD128E07862AC,2,2,3,1,1,3
TRALMYT12903D0954C,2,3,3,3,2,2
TRALNJR128F145AC96,1,2,2,3,3,3
TRALNOD128F4264AEB,3,3,2,3,3,2
TRALOBE12903CDA6C5,3,3,2,3,3,3
TRALOUF128F422F329,1,3,3,1,3,3
TRALPGW12903CAFFB5,2,3,1,3,3,3
TRALPKG12903CDCA8A,1,2,1,3,2,3
TRALPOE128F4272278,1,3,1,2,2,3
TRALPQV128F424F989,1,2,1,2,1,1
TRALQGZ128F146F500,1,3,2,3,2,3
TRALRKL128F427B6EB,1,3,1,1,3,2
TRALROP128F92CA9CC,1,3,1,1,2,2
TRALRPL12903CA71F2,2,2,1,3,2,3
TRALRTY128F428BE43,2,3,3,3,1,3
TRALSAJ128F92EDC84,1,3,2,3,2,1
TRALSOA128F4275F49,1,2,1,3,2,2
TRALTKQ128F932DA67,1,2,1,3,3,2
TRALTTR12903C9E32E,1,2,2,2,1,3
TRALTZZ12903CB7DD0,2,3,1,2,2,3
TRALUAQ128F427EB26,2,2,1,3,1,1
TRALULA128F932B9D0,3,2,2,1,3,2
TRALUTY128F9322DC0,2,3,3,3,3,2
TRALWDN128F1456DB7,2,2,1,3,1,1
TRALWLU128F428C39A,1,3,2,2,2,3
TRALYBV12903CBBB68,2,3,3,3,2,3
TRALYLQ128F42710D6,1,3,1,1,1,2
TRALYPO128F429C4AF,3,2,2,2,2,3
TRALYQN128F42624E1,2,3,3,1,3,2
TRALYZR128F92CDD86,1,2,1,3,2,2
TRALZIG12903CBCD0C,1,2,3,3,2,3
TRALZTM128F92EC5F0,1,2,1,3,1,3
TRALZXZ128F92E26EF,1,2,3,1,1,2
TRAMARM128E0796A50,1,3,2,3,3,2
TRAMBBV128F9337714,2,3,1,1,3,2
TRAMBFD128EF34B848,2,2,3,1,1,3
TRAMBHU128F425A620,1,2,3,2,1,2
TRAMBLO128F4287D24,1,2,1,3,3,3
TRAMBNF128F426FBB6,3,2,2,3,3,2
TRAMBPW128F9337F71,1,3,2,2,1,3
TRAMBTK128F42390A4,2,2,2,2,2,1
TRAMCGL128F92F3D87,3,3,2,1,1,3
TRAMCGR128F427DE28,2,2,1,3,2,3
TRAMCLN128F9302E27,1,3,1,3,2,2
TRAMCND128F1466ACF,1,2,1,2,3,3
TRAMDQZ128F4249913,2,2,1,3,2,3
TRAMDUJ12903D0728D,1,3,2,3,2,2
TRAMDUW12903CB5100,1,2,3,1,3,1
TRAMEBP12903CD7EEA,2,1,3,3,2,2
TRAMEDG128E07933F4,1,3,2,3,1,1
TRAMEEC128F9307A54,3,2,2,3,1,3
TRAMESI128F93509F7,1,2,1,2,1,1
TRAMFFW128F4263AD7,2,2,1,2,2,3
TRAMFHI12903CB4349,1,3,1,1,3,2
TRAMFRD128E07833DA,2,3,1,2,2,3
TRAMGAZ128F148D4C3,2,3,3,1,2,3
TRAMGJJ128F421487E,1,2,2,3,1,2
TRAMGPM128F9311196,2,3,1,3,1,2
TRAMGQR128E0786CA7,1,2,2,3,2,2
TRAMGZV128F426FAB3,3,2,2,2,1,1
TRAMHKC128F933DE7D,1,2,1,3,3,1
TRAMHMO128F93167EA,1,2,2,3,2,3
TRAMIGP128F9335408,2,2,1,1,2,2
TRAMIOX12903CB19A1,1,3,2,1,1,3
TRAMIUD128E07825DB,3,3,2,3,2,3
TRAMJUG128F429F8B2,2,2,3,3,3,3
TRAMKKJ128F1463612,1,3,3,3,1,3
TRAMLFL128F93062A0,1,2,3,2,1,3
TRAMLGE128F92F81DD,1,3,1,1,3,2
TRAMLQC128F429222A,2,3,1,3,2,3
TRAMLZC128F92F3EB9,1,3,1,1,1,2
TRAMMAF128F93051B0,2,2,3,3,3,3
TRAMMDM128F425EAA9,1,2,1,2,1,2
TRAMMFP12903CB59C2,2,3,1,2,2,1
TRAMMQW128F42621E1,2,3,3,3,3,2
TRAMNDH128F425C33D,2,3,2,3,2,3
TRAMNJB128F92EFDC7,2,2,1,3,2,2
TRAMNVF128F92DE562,2,3,1,3,1,3
TRAMODP128F426247B,1,2,1,2,1,1
TRAMOGA12903CB4421,2,3,1,3,2,3
TRAMOLS128F92F99E3,2,2,3,3,2,3
TRAMOPU128E07888FD,1,3,1,3,2,2
TRAMPCW128F92CC022,2,3,1,3,1,2
TRAMPWN128F934C221,2,2,1,1,1,2
TRAMRFE128F4267DF3,2,3,1,1,1,2
TRAMRQS12903D0FD39,1,3,1,3,2,2
TRAMSAY128F92ED0DD,2,3,1,3,3,2
TRAMSSA128F92F60D1,2,3,1,3,2,3
TRAMSSK128F92FDC80,1,2,1,1,1,3
TRAMTFQ128F9352EDB,3,2,2,1,3,2
TRAMTIH128F933E8E4,1,3,2,3,2,3
TRAMTKT128F4222C3A,2,3,3,1,3,2
TRAMTYX128F42985D0,2,3,3,3,3,2
TRAMUUZ128F933CA08,2,3,3,2,1,3
TRAMUYQ128F428CA58,1,2,2,3,2,3
TRAMVBZ12903CB2635,2,2,3,3,2,3
TRAMVMU128F4241923,2,2,3,2,2,2
TRAMVOM128F42ACB16,1,3,1,1,3,2
TRAMWJH128F145DBE9,3,3,2,3,1,2
TRAMWLL12903D119DA,1,3,1,1,3,2
TRAMWOH12903CA8BA0,1,3,2,3,2,3
TRAMXPQ128F148B0C2,2,2,1,3,1,2
TRANADU128F9345BC8,1,2,1,3,2,1
TRANAIE128F146E588,3,3,2,2,1,1
TRANALJ128F9318BAF,1,2,2,3,2,3
TRANAYD128F9322A70,2,3,3,3,3,2
TRANBMY128F426416A,1,3,1,3,3,2
TRANCCN128E0794B18,1,3,1,3,3,1
TRANCFS12903C9B61B,1,3,1,3,1,2
TRANCOH128F422F31D,1,3,1,3,3,3
TRANCOS128F4267DFB,1,2,1,3,2,2
TRANCSE128F93044F1,3,2,2,3,1,3
TRANDEK128F4259EBC,1,2,2,3,1,2
TRANEMQ128F42A10A8,1,2,3,3,3,2
TRANEQB128F4284978,1,2,1,3,2,3
TRANGCR128F148CF28,2,3,1,3,1,2
TRANGIY128F427FA51,2,2,1,1,2,2
TRANGQX128F422F1DE,1,3,2,1,3,2
TRANHJV128F92D819D,2,1,3,2,2,3
TRANIBF12903CFA420,1,2,1,3,1,2
TRANIHL128F42970BD,3,2,2,2,1,3
TRANIJQ128F4298A10,1,3,1,3,3,3
TRANIPA128F93151A2,2,3,1,3,2,3
TRANIUD12903CCE692,1,3,1,3,1,3
TRANIUS12903D00EC7,3,2,1,2,2,2
TRANIVG128F1484DED,1,3,1,3,2,2
TRANIWL128F4262AB0,1,2,3,2,2,3
TRANIWM128F1495AB7,1,1,1,3,2,3
TRANJMO128F425C44D,1,2,2,3,2,2
TRANJSV128E0799689,1,3,2,2,1,2
TRANJWP128F428560C,2,3,1,3,2,3
TRANKIL128F1476FA2,1,2,2,2,3,3
TRANKYM128F428B7A4,1,2,1,1,1,3
TRANLHL12903CF88E5,1,2,1,2,1,2
TRANLJA128F42A5379,2,3,1,2,2,3
TRANLRX128F4259030,1,2,3,2,2,3
TRANLSP128F14671CA,1,3,1,3,3,3
TRANMKA128F426C3B0,2,3,1,2,2,3
TRANMKF128E07995A8,1,2,1,3,1,2
TRANMOT128F92EFF19,1,3,1,2,2,3
TRANMWO128F426C41A,1,2,1,2,1,1
TRANNCZ128F92F1D22,2,2,1,3,2,3
TRANOHA128F428B1CB,2,3,3,3,1,3
TRANOPO128F4217958,3,2,2,3,2,3
TRANOXA12903CDB0ED,3,3,2,2,2,1
TRANPDG128F930F4FE,1,3,2,3,2,2
TRANPHV128F9344CC3,2,3,1,1,1,2
TRANPKC128F93486B9,1,3,1,2,2,3
TRANPLE128F9322D6F,2,3,3,3,3,2
TRANPUZ128F422B236,2,3,1,2,2,1
TRANPWV128F9341281,3,3,2,3,3,2
TRANPXL128F42B8FED,2,3,3,3,1,1
TRANQEQ128F428AD70,2,3,1,3,3,2
TRANQNS128F42739D1,3,2,2,3,1,2
TRANQQZ128E079224E,1,3,1,2,1,2
TRANQRQ12903CC4BBB,2,3,1,3,2,3
TRANREH128F93462CF,2,2,1,3,1,1
TRANRFB128F1481F1E,1,3,2,2,3,3
TRANRGP128F1465737,2,2,2,3,2,2
TRANRKN128F93127BB,1,2,1,3,2,2
TRANRWM128F42873F9,1,2,3,3,3,2
TRANSUM128F92E8DF3,1,3,2,2,2,2
TRANSYV128F428A00C,2,3,3,3,2,2
TRANTAD128F92FD042,1,3,1,1,3,2
TRANTAN128E078B326,2,3,3,3,1,2
TRANTFR128F931C7DA,2,2,1,1,3,2
TRANTJK128F92E5935,1,2,2,3,1,2
TRANTOT128F428ACD8,2,3,1,3,3,2
TRANULO128F422E6FE,1,2,1,3,1,2
TRANUME128E0789D4C,2,3,1,3,1,2
TRANUSB128F9343695,1,2,1,3,1,3
TRANUUK128E0788284,2,2,1,3,1,1
TRANUVH12903D1059F,1,3,2,2,2,1
TRANVKJ128F92F1561,1,3,1,3,2,3
TRANVMD128F933AC4A,2,3,1,3,2,2
TRANVML128F426ACB2,2,3,3,3,3,2
TRANVTB128F92E2C34,1,2,2,2,2,2
TRANVZT128F42AE134,3,2,2,2,2,3
TRANWBG128F934AC15,1,3,2,3,3,2
TRANWEM128F92D75C4,2,3,3,2,2,3
TRANWOF12903CB3E19,1,3,1,2,1,1
TRANWZE128E078EE09,2,3,1,1,3,2
TRANXKN128F1485A3F,1,3,1,2,1,1
TRANYAM12903CD9CFC,2,2,1,2,2,3
TRANYLM128F1477EC9,1,2,1,1,2,1
TRANYLR128F4271924,1,2,1,2,1,3
TRANYLR128F933D81F,2,2,1,1,1,2
TRANZIL128F42A2670,1,3,1,2,1,3
TRANZRO128F4278401,2,2,1,3,1,2
TRANZTY128F424D794,1,3,1,3,1,3
TRAOAPT128F426041F,2,2,3,3,1,2
TRAOATJ128F147FC9B,1,2,2,3,3,2
TRAOAVW128F9318B5A,1,2,3,2,1,2
TRAOBKM128F92F894E,1,3,2,3,2,3
TRAOBQP12903CC4A7B,1,2,1,2,2,1
TRAOCOE128F4276D18,2,3,1,3,3,2
TRAOCPF128F4297319,1,2,3,3,1,1
TRAOCSE128F4282321,1,2,3,2,2,3
TRAOCSX128F92FDD48,2,3,3,1,2,2
TRAOEAQ12903CC26BD,2,3,3,3,3,2
TRAOEQO128E0785439,2,3,1,3,2,2
TRAOETQ128F92F9C27,2,3,1,1,3,2
TRAOFJS12903CF3F3D,2,2,3,2,2,1
TRAOHJU128E0780CD2,3,3,2,1,2,3
TRAOHNR128F428CD58,1,2,2,2,3,3
TRAOIYM12903CDEF1E,2,2,1,3,3,1
TRAOJED128F42361E6,2,2,1,3,2,3
TRAOJEW128F4294CBD,1,2,1,2,2,1
TRAOJMY128E07836D9,2,2,1,3,3,2
TRAOJNB128F147C52F,2,2,3,3,3,2
TRAOJZC128F14932D5,1,3,3,3,2,2
TRAOKSC128F4264989,1,2,1,3,1,2
TRAOKVW128F429D82A,2,2,3,3,2,2
TRAOKXG128F4232497,2,3,1,1,2,2
TRAOLGV12903CB4229,2,2,3,3,3,2
TRAOLOX128F422F02B,1,2,1,3,2,2
TRAOLUA128F422BB1D,2,3,3,3,2,1
TRAOMDT12903CF73C3,1,3,2,3,2,2
TRAOMKV128F428CD51,1,3,2,2,1,3
TRAOMMU128F933878B,2,2,3,3,2,3
TRAOMVL128F14662F1,2,2,3,3,2,2
TRAONNA128F4268CCA,1,2,2,2,1,3
TRAONPF128F42480A7,1,2,1,3,1,2
TRAONYI128F9324BA3,1,2,1,3,1,3
TRAOOHM128F1453E33,1,2,1,3,3,3
TRAOORD12903CCD128,2,3,3,1,3,2
TRAOREE128F934DB89,1,2,2,3,1,3
TRAORSC128F4235056,2,3,3,3,3,3
TRAOSDM128F93085C0,2,2,3,3,1,3
TRAOSFC128F42618F6,1,3,1,3,1,3
TRAOUOI128F4290E44,2,3,1,3,2,3
TRAOVDM128F42BAA66,1,2,3,1,2,3
TRAOWBP128F4257C64,1,3,1,3,2,3
TRAOWXO128E0783F68,1,2,1,3,2,2
TRAOXCO128F147830B,2,3,1,2,2,3
TRAOXEU128F4299BE5,2,3,1,3,2,2
TRAOXSN128F4282FB5,2,1,2,2,2,3
TRAOXWF128E0790985,2,3,1,3,2,2
TRAOXXW128F92E8C86,1,2,1,3,1,3
TRAOYHS128F427EF8B,1,3,2,3,2,3
TRAOZEJ128F428CCEA,2,2,3,2,1,1
TRAOZPS128F93369C3,1,3,1,2,1,3
TRAPAES128E0786E60,2,2,1,1,3,2
TRAPASL128F422BC00,1,3,1,2,3,2
TRAPAZE128F4233355,2,3,3,1,3,2
TRAPCHT128F4239830,3,2,2,1,1,2
TRAPCIQ128F4241A74,2,3,1,3,2,2
TRAPCNK128F427D7B5,1,1,3,2,2,1
TRAPDIH128F426DE71,2,2,1,3,3,1
TRAPDIO128F933C680,2,3,3,3,2,2
TRAPDOI128F9327982,3,2,2,2,2,1
TRAPDQG128F93018C0,3,2,1,3,1,2
TRAPEBL128F149E768,1,3,2,3,1,3
TRAPEHR128E0786D5A,1,3,1,3,1,3
TRAPEIN128E078892E,2,2,1,3,2,3
TRAPEPB128E07861CC,2,2,1,1,3,1
TRAPEPI128F4226DDD,2,3,1,3,3,2
TRAPESV128F92FE5E9,2,3,3,3,1,2
TRAPFGD128F4274B46,3,2,1,1,3,2
TRAPFIP128F42AC31E,1,1,1,2,2,3
TRAPFRM128F933A19B,2,2,1,3,1,2
TRAPFXX128E0785EBA,2,2,3,3,2,3
TRAPGCJ128F428CCD9,1,3,1,3,3,2
TRAPGFN12903CB5BAC,2,3,1,1,1,3
TRAPGKY128F42972A9,2,2,3,1,3,2
TRAPGOC128F932F01A,1,3,1,3,1,3
TRAPGOZ128F933A945,2,2,1,2,1,1
TRAPGYN128F92C40CC,1,3,1,2,2,3
TRAPHAH128F42677A4,1,3,1,3,3,3
TRAPHDI128F92F5EA1,2,2,3,3,2,2
TRAPHZT128F147A02B,1,2,2,2,1,3
TRAPIIR128F42AEE95,2,2,1,3,3,3
TRAPIJO128EF3681CA,1,3,3,3,2,3
TRAPIPG128F42521C6,2,2,3,3,3,2
TRAPISC128F14671D3,1,2,1,3,1,3
TRAPJFL128F42AA7B4,1,2,2,3,2,3
TRAPJLL128F92EC0E1,1,3,1,1,1,2
TRAPJPD128F14572B3,1,2,1,3,3,2
TRAPKBI128F92F9D33,1,3,1,3,2,2
TRAPKSE128F42AB9FB,1,3,2,3,1,2
TRAPLET128F145B049,2,2,1,3,1,2
TRAPLMD128F932FF43,1,2,1,3,3,2
TRAPMRB128E078E21E,2,3,3,2,2,3
TRAPMRV128F92F5F4C,2,3,3,2,1,2
TRAPMTM128F425B4E5,1,3,1,3,1,2
TRAPMTY128F1459DA1,2,2,3,3,1,2
TRAPMYO128F14903F5,1,2,3,3,1,1
TRAPNII12903CEA4F8,1,3,2,1,1,2
TRAPNOO128F423660C,1,3,2,3,3,2
TRAPNQZ128F145B04E,2,3,1,3,1,2
TRAPNYN128F4277985,2,3,1,1,3,2
TRAPOEA12903CDBB5F,2,2,1,2,1,3
TRAPOYU128F42644C3,1,3,1,2,3,3
TRAPPUJ128F931B3D1,1,3,2,2,1,1
TRAPPUN128F429400B,1,3,1,3,3,2
TRAPQBU128F934C32D,1,2,1,3,1,2
TRAPQLQ128F92DA284,2,2,1,3,1,3
TRAPQNA128F93000EB,2,3,1,3,1,3
TRAPQQI128F1460D64,1,3,1,1,1,2
TRAPQYF128F14B1051,2,3,3,3,3,2
TRAPQZO12903CFA319,2,3,1,1,3,2
TRAPREX128F145DAD0,2,3,3,3,1,2
TRAPRQZ128F427E188,1,3,2,2,2,1
TRAPSHW128F14560A6,2,3,3,2,1,2
TRAPSJN128F422AF18,1,2,1,3,3,2
TRAPSMF12903CD05E7,1,3,2,3,2,2
TRAPSZU128E0785BD2,2,2,1,3,2,3
TRAPTHJ128F92C70D6,2,1,3,2,2,1
TRAPTRH128F4271659,1,3,2,3,1,2
TRAPUFL128F425A8F9,2,2,1,3,2,1
TRAPVBP128F9308A86,1,3,1,3,2,2
TRAPVDC128F422C711,2,3,2,1,1,2
TRAPVFO128F9347D5B,2,3,3,1,1,3
TRAPVGB128F42725AF,1,3,3,3,1,2
TRAPVRU128F9302300,1,2,1,2,1,1
TRAPVXU128F149E7CD,1,3,2,3,1,2
TRAPVYD12903CE0269,1,3,2,3,1,2
TRAPYCR128F4289604,1,3,3,1,1,3
TRAPYML128F423DF98,2,3,3,2,1,2
TRAPZJQ128F428A022,2,3,1,1,3,2
TRAPZLI128F92DB0CD,2,2,1,3,3,1
TRAPZQI128F428CF18,1,3,3,1,3,2
TRAPZYB128F9309217,1,3,1,2,2,3
TRAPZZJ12903CC5190,1,2,2,3,2,3
TRAQACB128F4263F7B,2,3,1,3,3,3
TRAQAIW12903C9B61E,1,3,1,3,1,2
TRAQAMG128F934AED9,2,3,3,1,1,2
TRAQBRP128F92DFCEF,1,2,2,3,3,3
TRAQBVO128F425D1F9,1,2,2,3,1,3
TRAQCFH128F92FE30F,1,3,1,1,3,2
TRAQCXM128F4230BAD,1,3,3,3,1,3
TRAQDBO128F92ED2AC,1,2,1,1,1,2
TRAQDSN128F42934A2,1,2,2,3,2,2
TRAQDYJ128F14989F8,2,2,3,2,1,2
TRAQDZZ128F42AF66A,1,3,1,1,1,2
TRAQEKD128F425293D,1,3,1,1,2,3
TRAQEOG128F9353981,1,3,1,2,2,1
TRAQEOP12903CA65E2,2,3,1,2,2,3
TRAQEUQ128F425282E,1,3,1,1,3,2
TRAQEVV128EF34E413,2,2,3,3,3,2
TRAQGLM128EF356DEA,1,2,1,3,2,2
TRAQGMY128F425A2F5,1,3,2,3,2,3
TRAQGNV128C7196894,1,2,2,1,2,3
TRAQHCG128E07951DA,1,2,1,3,3,2
TRAQHHV128F92E0787,1,3,1,1,3,3
TRAQHWF128F146FF11,1,3,3,3,1,2
TRAQIQP128E079505F,1,2,1,3,1,3
TRAQITZ128F4265E0E,2,3,3,3,2,2
TRAQJFK128F428508A,2,2,3,2,2,3
TRAQJMP128F92E3821,2,2,1,3,1,3
TRAQJOE128F92F1D58,2,3,3,3,3,2
TRAQKPR128F427DDF8,1,3,2,3,1,3
TRAQKVC128F425E65C,2,2,3,2,1,3
TRAQLIE128F931C3F3,2,3,3,3,1,2
TRAQLOD128F145EC9D,1,2,1,3,2,2
TRAQMNB12903CDD58F,2,3,1,3,3,2
TRAQMWP12903CAC06F,1,2,1,3,2,3
TRAQNEC128F14ADF01,1,2,1,2,1,2
TRAQNMM12903D00407,3,2,2,3,3,1
TRAQOXO128F42636BD,1,2,2,2,2,3
TRAQPFR12903CC26CF,2,2,3,2,2,3
TRAQPHD128F4226E5E,1,2,1,2,2,2
TRAQPKX128F428146D,1,3,1,1,1,3
TRAQQHJ128F9345DC3,2,3,1,1,1,2
TRAQQOG128F934B0A1,3,3,2,2,1,2
TRAQQUC128F9314732,1,3,1,3,2,2
TRAQQVR128F4255A3A,2,3,3,2,1,3
TRAQRFD128F9322DE6,2,2,3,1,3,2
TRAQRFN128F93071EA,2,2,1,3,1,2
TRAQRRD128F425F8E7,2,3,3,3,2,3
TRAQSEG128F9327EB9,1,2,2,1,2,3
TRAQSPU128F422146B,2,3,1,3,3,2
TRAQSWI128F9343039,1,3,2,2,2,3
TRAQTBF12903CCC1B7,2,3,3,3,3,2
TRAQTKV128F427BFA5,1,3,1,3,3,2
TRAQTOS128F428E94B,3,3,2,1,1,2
TRAQTRL128F428C2AF,1,2,1,3,1,3
TRAQTYT12903D134AC,2,2,3,3,2,3
TRAQUWF128E07924E4,1,2,1,3,1,3
TRAQVDI128F42969C8,1,2,2,3,1,3
TRAQVJM128F9310F20,3,2,2,3,1,1
TRAQVOG128F9340E58,2,3,1,2,1,1
TRAQVUG128F4286DE3,1,3,1,1,3,3
TRAQXJY12903CF3A0E,1,3,1,2,1,3
TRAQXKZ128F429D175,2,3,1,3,2,3
TRAQYFL12903D138CF,2,2,1,3,1,3
TRAQYOC128F9341CDC,1,2,1,1,3,3
TRAQYUA128F428742F,1,2,1,2,2,1
TRAQYXL128F425EA21,3,2,2,1,2,3
TRAQYZI128F4273CF3,2,3,3,3,2,2
TRAQYZO128F930BC98,2,3,1,1,1,2
TRAQZPC12903CDE0D5,2,2,1,3,1,3
TRAQZWH128F934B093,2,3,3,1,3,2
TRARANL128F1478789,2,3,1,1,3,2
TRARAZI128F427F3B4,2,3,2,3,2,3
TRARBBK128F427ED68,1,1,1,3,2,2
TRARBFC128EF3500F8,2,3,3,1,3,2
TRARBGM12903CC5026,3,2,2,2,1,3
TRARBJW128E0788A1A,1,3,1,3,3,2
TRARBVD128F4239284,1,3,1,2,1,3
TRARBYC128F92CEF3C,2,3,1,3,1,3
TRARCNN12903CD5262,2,3,3,3,1,1
TRARCNT12903CC4767,2,2,3,1,3,2
TRARDJY128F14750EA,3,2,1,2,2,1
TRARDUI12903CBF6B6,1,2,1,2,1,3
TRAREDZ12903CFB6E3,1,3,1,3,1,2
TRAREGG128F425A5D8,1,1,1,2,2,3
TRARFAZ128F93481AD,1,3,2,3,1,2
TRARFKP12903CF5DF1,1,2,1,1,3,2
TRARFQL128F931E523,1,3,1,2,1,1
TRARFQY12903CA07B6,2,2,1,3,1,3
TRARFXI128F1468CE3,3,2,2,2,1,2
TRARHCB128F148D1B0,2,3,3,3,3,2
TRARHFF128F933D378,2,3,3,3,3,2
TRARIIY128F147187D,1,3,1,2,3,2
TRARIMP128F933D217,1,2,2,1,1,2
TRARINE128F4280B9C,1,3,2,1,2,2
TRARIRG128F147FC96,2,2,3,2,1,3
TRARIZK128F92FF27A,2,2,1,3,1,1
TRARJEK128F930B3AA,1,2,2,3,1,2
TRARJPL128F931C7D2,1,3,1,3,1,2
TRARKEH128F1463CB2,1,2,2,3,1,3
TRARKGW128F92EB8F9,1,3,1,1,1,2
TRARKRC128E0791D82,3,3,1,2,2,2
TRARLGD128F93119C1,1,3,1,1,1,2
TRARLTG12903CF06FD,2,3,1,3,2,3
TRARMHA128F92E7D32,2,3,3,3,1,2
TRARMLZ128F9330684,1,2,2,2,2,1
TRARMUI128F147162F,2,3,1,3,3,2
TRARMUZ128F14AA0EA,2,2,3,3,1,2
TRARMWA128F424147D,2,2,1,3,3,2
TRARMYQ128F149F18A,1,3,1,2,2,3
TRARNZA128F424EC6A,1,3,1,1,1,3
TRARODV128F1460DBC,1,3,1,3,1,3
TRAROPS128F92F09A5,2,3,1,1,2,3
TRAROQC128F4273979,1,2,3,2,1,2
TRARPCK128F92FEA7F,3,3,2,3,2,3
TRARPGY128F425D48D,2,3,3,3,2,1
TRARPTJ12903CE2898,1,2,1,3,1,3
TRARPZT128F932AD66,2,2,1,2,2,3
TRARQSD128F427E2AA,1,2,1,1,2,3
TRARQWJ128F92E9CCA,1,3,1,1,1,3
TRARRJL128F92DED0E,1,2,1,2,2,1
TRARRQO128F427B5F5,1,3,3,1,3,2
TRARRWA128F42A0195,2,2,3,1,3,2
TRARRZU128F4253CA2,2,2,3,3,1,2
TRARSAM128F4256E04,2,3,3,1,2,3
TRARSAW12903C9EDEB,1,3,1,3,1,2
TRARSKA128F9336A04,3,2,2,3,3,3
TRARSZV12903CDB2DE,2,2,3,3,2,2
TRARTBH128F93087A4,2,3,1,3,2,3
TRARTJL128F92CB44B,1,3,1,3,1,2
TRARTSA128F4291550,1,2,2,3,2,2
TRARUOP12903CF2384,1,2,1,3,1,2
TRARURM128F931A91B,1,2,1,3,2,1
TRARUTP128E0797FC7,2,2,1,2,1,3
TRARVZG128F1497359,1,3,2,3,3,3
TRARWLR128F4256B07,2,2,1,2,2,2
TRARXIT128F423DC97,3,2,2,3,3,2
TRARXMV128F92F59C8,1,3,1,3,3,3
TRARXVP12903CF39FE,1,3,2,3,1,3
TRARYCL128F1456224,1,2,2,3,2,3
TRASAEN128F4266178,2,2,3,3,1,2
TRASAIH128F931F567,2,3,3,1,3,2
TRASAQI128F426EEA3,1,3,2,3,2,2
TRASARO128F145E40F,2,2,3,3,2,2
TRASBZK128F42692CA,1,2,1,3,2,2
TRASCAU128E078FB37,1,2,1,1,1,3
TRASCMB128F422B871,2,3,1,3,1,2
TRASCWR12903CCC575,3,3,2,3,1,3
TRASDGG128F933EDE2,2,3,3,3,3,2
TRASDRJ128F428B1A7,2,2,1,3,2,3
TRASDYA128F425E84F,2,2,1,2,1,3
TRASGGA128F92E8BF8,2,2,3,3,2,1
TRASGKM128F42644C5,2,3,3,2,1,2
TRASGLA128F147F4F6,1,2,2,2,2,3
TRASGLV128F42390CA,1,2,1,1,3,2
TRASGMH128F14B04A3,2,3,3,3,1,3
TRASGOE128F42328B4,1,2,3,2,1,3
TRASHSN12903CA9E34,1,2,1,2,1,3
TRASIKP128F423EED7,1,3,1,3,3,1
TRASIKR128F9308AD7,1,2,2,2,1,3
TRASIVA128F933DB52,2,1,1,3,2,2
TRASIWA12903CFFC4D,2,2,1,3,1,3
TRASJIY128F149998B,1,3,1,3,1,1
TRASJRH12903CF2689,1,2,2,2,3,1
TRASKII128F92FA33E,1,3,1,1,3,2
TRASKUE128F1478ECF,2,3,1,3,2,2
TRASLHI128EF343C84,2,2,1,3,3,2
TRASLVK128F935046C,1,2,2,1,1,2
TRASLVU128F933B160,2,3,3,3,1,2
TRASMER128F4272C1D,2,3,3,3,3,2
TRASMWP128F92CE9CE,2,3,1,3,2,2
TRASNDM128F92E17E7,1,2,1,2,2,3
TRASODE128F930F19A,2,3,1,3,2,3
TRASOQC12903CFFED7,1,3,2,3,3,2
TRASPAS128E078DFB3,1,3,2,2,1,1
TRASPZQ128F933BBDA,1,3,1,3,1,3
TRASQCW12903CA07D9,1,2,2,3,2,3
TRASQIB128F426693D,1,2,3,2,1,2
TRASRBB128F42AFD5C,1,2,1,3,2,3
TRASSXN128F4261DF1,2,3,3,1,3,2
TRASSZI128F146EC5F,1,2,3,3,1,3
TRASSZL128F428FA5D,1,2,1,3,3,2
TRASTBU12903CC3EA8,1,3,2,3,1,1
TRASTOM12903CBE8A6,1,3,1,3,2,3
TRASTZY128F145B055,2,2,1,3,1,2
TRASUJK128E0789C12,1,2,1,3,1,2
TRASVNS128E07855BF,1,3,1,2,2,3
TRASVXI12903CF98CD,1,2,2,3,2,3
TRASWIV128E0788A84,1,3,1,3,3,2
TRASWKJ128E0792FE7,2,2,3,3,3,2
TRASWSO12903CBE857,3,3,2,2,1,1
TRASWVM12903CA5601,2,2,1,3,1,3
TRASXHB128F933D3BD,2,3,1,3,3,2
TRASXSI128F9345EA2,2,3,3,1,3,2
TRASXYB128F428DFF3,1,2,2,3,1,1
TRASXZE128F427F156,1,2,3,3,2,3
TRASYIH12903D08529,1,2,1,3,1,2
TRASYQQ128F425092B,3,3,2,3,1,2
TRASYSY128F92F39F5,2,3,3,3,3,2
TRASYVP12903D09590,1,3,1,1,2,3
TRASYWM128F14804A5,2,3,1,3,3,2
TRASZQB12903CAAE1B,1,2,1,3,2,3
TRASZSF128F428B8F3,2,2,2,3,2,2
TRATAIB128F92E81CB,3,3,2,1,3,2
TRATBGP128F1482545,2,3,3,3,1,3
TRATBNG128F92CADA8,1,3,1,3,1,2
TRATBVA128F9312ACC,1,2,1,3,1,3
TRATBWX128F427D343,2,3,3,1,3,2
TRATCAZ128F4284985,1,1,1,2,2,1
TRATCLI128F422BCF8,1,3,1,2,2,3
TRATCOE128F145F694,1,1,1,3,2,2
TRATCUY128F9308A38,1,3,2,1,1,2
TRATDDF128F4294E6A,1,3,1,2,2,3
TRATDDM128F93417AF,2,2,3,1,1,3
TRATDIZ128F4242796,1,3,1,2,1,3
TRATDLH128F93384B0,2,3,1,1,2,3
TRATESL128F92F12DF,2,3,3,3,2,3
TRATFEN128F14A3A6E,1,3,1,3,1,3
TRATGQO128F421B850,1,3,2,1,3,2
TRATGTP128F427021D,2,2,1,2,1,2
TRATHFM128F148ADD4,1,2,1,3,1,3
TRATHTH128F42BC347,2,2,1,2,2,3
TRATHVA128F9322A79,1,2,3,3,2,2
TRATIRE128F42A667F,1,3,1,3,1,2
TRATIUD128F930620F,3,3,1,3,1,2
TRATJSR128F4266791,1,2,3,2,1,3
TRATJXC128F93124CE,1,3,1,2,2,1
TRATKAA128F426E8A0,1,2,1,3,2,3
TRATKXV128F92D0480,2,3,3,3,1,2
TRATLOJ128F9308ABB,2,2,1,3,2,3
TRATMAL128F427EC8D,2,2,1,1,1,3
TRATMDD12903D11C7A,2,2,3,3,2,2
TRATMFC12903CC8D96,1,3,2,3,1,3
TRATNHC12903CFA949,2,2,1,3,2,3
TRATNKU128F92F60C1,2,2,1,2,2,1
TRATNMX128F427C2FC,1,2,2,1,3,3
TRATOHC128EF3460DA,1,2,2,3,2,2
TRATQDK128F1489B3E,1,2,1,3,1,2
TRATQSL128F932E2ED,1,3,2,3,2,2
TRATQUI128F9347C68,2,3,1,3,1,2
TRATRMZ128F42A9AAC,3,3,2,1,3,2
TRATTAF128F147CA09,1,2,1,2,2,3
TRATTNI128E0799697,1,2,2,2,2,3
TRATUPO128F9305A5C,2,3,1,3,1,3
TRATUQR128F422F34D,1,2,1,3,3,2
TRATWUD128F9309671,1,2,3,2,2,3
TRATWYC12903CE60D6,1,2,1,2,1,3
TRATXSW128F4243364,2,3,3,3,3,2
TRATYJI128F4255D27,2,2,1,3,1,3
TRATZQS128F1467D4B,2,2,3,3,1,3
TRAUBMP128F9307E1C,1,3,1,3,3,2
TRAUCRP128F931364D,2,2,1,1,3,2
TRAUCZX128F149D9AE,2,2,1,2,1,2
TRAUDRC128F148D15E,1,3,2,3,2,3
TRAUEIZ128F14AE167,1,2,1,2,1,2
TRAUEWN128F932C32C,2,3,3,3,1,1
TRAUEYX12903CEAF48,1,3,1,2,1,3
TRAUFDN128E07926A5,1,3,1,3,1,2
TRAUFZY12903CD738A,1,3,1,1,2,2
TRAUGLZ128F14AE500,2,2,1,3,2,3
TRAUGQI128F4295BD1,2,3,3,3,1,3
TRAUGRD128F425E997,2,3,1,3,2,3
TRAUGYG128F428A174,2,3,3,1,3,2
TRAUHXR12903CBDFE4,3,3,2,3,1,2
TRAUIBK128F9345A79,2,3,3,3,3,2
TRAUIHC128F427EEF9,1,2,1,3,2,2
TRAUIMO128F147C31C,1,3,1,2,2,3
TRAUJLJ128E0784E7C,1,2,1,3,3,3
TRAUJOU128F9325DE7,1,3,1,2,1,1
TRAUJPQ128F930D4C5,1,3,2,1,1,2
TRAUJTZ12903CF7BB4,2,3,1,3,1,2
TRAUJVM128F422C5A2,2,2,3,2,3,3
TRAUKJZ128F9335412,2,2,1,1,1,2
TRAULEG128F92F035B,1,3,1,1,3,2
TRAULGT12903D10B94,2,1,1,3,1,1
TRAULJK128F4294B58,1,2,3,2,2,2
TRAUMIX12903CE640C,1,1,3,3,3,3
TRAUMMP12903C9D5C4,2,3,3,3,2,2
TRAUMNH128F92FB67F,1,2,1,3,1,2
TRAUNEL128F1467D5C,2,2,3,3,1,2
TRAUNNH12903CB038C,1,2,2,1,3,2
TRAUNPM12903CB7CCC,1,2,1,3,2,2
TRAUOAA128F4245ECF,1,3,1,3,3,2
TRAUODU128F9307467,1,3,1,3,3,2
TRAUONA128F4255A38,2,2,1,3,1,1
TRAUOPA128F93537F2,1,2,3,3,1,1
TRAUOPE128EF367610,2,2,3,1,1,3
TRAUORF128F424D160,1,2,1,1,3,3
TRAUOUZ128E078F8BB,2,2,1,3,3,3
TRAUOXB128F146573B,2,2,3,2,2,1
TRAUPSV128F427B621,2,3,1,3,3,2
TRAUQAM128F9340CFE,2,3,1,3,2,2
TRAUQFT128F4270904,2,2,3,3,2,1
TRAUQUO128F92F8340,2,2,1,1,1,2
TRAURGF128F427E9B5,1,2,3,3,2,1
TRAURHK12903CA60F8,1,3,1,3,2,3
TRAURRO128F1489B2C,2,3,3,1,3,2
TRAURRP128F4261B94,1,2,1,3,1,3
TRAUSBV128F9344D08,2,2,1,1,2,2
TRAUSFP128F42A6BEE,2,3,3,3,1,1
TRAUSHD128E0795347,1,2,1,3,2,2
TRAUSKE128F930FB12,1,2,1,3,1,2
TRAUSOM128F9337BC3,2,3,1,3,2,3
TRAUSYQ12903CE5242,1,2,1,3,1,2
TRAUTCA128F429B624,1,3,1,2,1,3
TRAUTPD128F92F1376,1,2,1,1,3,2
TRAUTSN128F14ADD4A,2,2,1,3,2,2
TRAUTTP128F425BDEB,1,2,2,2,1,1
TRAUTXO128F4263C8E,2,2,3,3,2,3
TRAUUIF128F93232FE,1,3,1,1,3,2
TRAUVAQ128F92DC677,2,3,1,3,2,3
TRAUVGG128F9324DAC,2,2,1,2,2,3
TRAUVSF128F14A0B6F,3,3,1,1,3,1
TRAUVTO128F4297AA2,2,2,1,3,2,3
TRAUVUF128F148D1AA,2,2,3,3,3,2
TRAUVVR128F425A925,1,2,2,3,1,2
TRAUWFN128F1462E09,2,2,1,3,2,2
TRAUWQL128F424696E,3,3,2,3,1,2
TRAUWRW128F9358C69,1,2,1,2,1,1
TRAUWWP12903CC79CB,1,3,2,3,3,2
TRAUXEL128F42683D5,1,2,2,3,3,2
TRAUXSK128F427C58D,1,3,2,2,3,3
TRAUXSO128F42B863C,2,2,3,3,1,2
TRAUYLT128F427538E,1,3,1,3,1,2
TRAUYOD128F42647FE,1,3,1,2,1,3
TRAUYZG12903CDA4E9,3,2,2,2,2,3
TRAUZFY128F42BCE57,1,2,2,3,2,2
TRAUZTR128F9351D2A,2,3,1,2,1,3
TRAUZVU12903CC050D,2,2,3,2,2,3
TRAVANT128F92E3F71,1,2,3,3,3,3
TRAVBAH128F9305DFC,1,3,1,3,1,2
TRAVBCR128F933AE8E,2,2,3,3,3,2
TRAVCNA128F930975C,1,2,2,3,3,2
TRAVDBI12903D105BB,1,1,1,2,2,1
TRAVDDJ128F92EF09C,2,2,1,1,2,2
TRAVDGG128F92E389A,2,2,1,3,2,3
TRAVDQQ128F421B864,1,3,2,3,3,2
TRAVELY128F42606F8,2,2,3,2,2,1
TRAVFEW128F92E2B47,2,3,1,1,3,2
TRAVFPH128F42621EE,3,3,1,3,1,2
TRAVFSW128F145C1D2,1,2,1,2,1,1
TRAVGFT128F424278B,2,2,1,3,3,2
TRAVGKM128F92C58B4,2,2,1,2,2,1
TRAVGLC128F931535B,2,2,3,2,2,3
TRAVGNH128F428CBA9,1,3,1,1,1,2
TRAVGZS128F9338603,2,2,3,3,2,3
TRAVHCL128F93015C4,2,3,1,1,3,2
TRAVHIA128F1494B0C,2,3,1,3,2,3
TRAVHLR128F146B476,1,2,1,1,2,3
TRAVJDB128F93305EB,1,2,3,3,1,3
TRAVJRC128F425D474,2,3,1,3,2,3
TRAVKGM12903CA66FB,2,3,2,3,2,2
TRAVKJJ128F424DA32,1,3,2,2,2,1
TRAVKSX128F92EF211,2,2,1,1,2,3
TRAVLKA128F428BBD3,3,3,2,3,3,2
TRAVLNW128F4272F05,1,2,1,3,1,2
TRAVLWL128F424EF6A,2,3,3,3,1,2
TRAVLXZ128F42A22E4,2,2,1,3,2,2
TRAVMXD12903CBBD0B,3,2,2,2,2,3
TRAVMZX128F14AB117,1,3,3,3,2,2
TRAVOHH128F4247EF9,2,3,1,3,1,2
TRAVOLQ128F9322DB4,2,2,3,3,3,2
TRAVPHL128F424EAE1,2,3,1,1,3,2
TRAVQBP128F145BB9B,2,2,3,2,1,3
TRAVQPL128F9308D97,1,3,2,3,1,2
TRAVQZF128F92F3CE3,1,3,2,3,3,2
TRAVRJA128F9329C4C,2,2,3,1,1,2
TRAVROF128F421AC2D,1,2,1,2,2,3
TRAVRPL128F145E874,1,2,1,2,3,2
TRAVSQE12903CB6879,2,2,1,1,2,2
TRAVTEH128E07953EA,1,3,2,3,1,2
TRAVTUD128F93094F2,2,2,2,3,2,3
TRAVUAJ128E078EDA2,1,2,2,3,1,2
TRAVUOI128F424142F,1,2,2,1,3,2
TRAVVBW128F42819B2,3,3,2,2,1,3
TRAVVEB128F934DD34,2,2,1,3,3,3
TRAVWTN128F425D2D5,1,3,2,3,1,2
TRAVWYR128F92DED0F,1,2,1,3,1,2
TRAVWZA128F931F36E,1,2,3,3,2,3
TRAVXBL128F42BB389,2,2,1,3,1,2
TRAVXII128F92FCC6D,1,2,1,3,1,3
TRAVXUN12903CAC564,2,3,3,3,2,3
TRAVYHI12903CB95EC,1,2,1,3,1,3
TRAVYIU128F42625E1,2,3,3,1,3,2
TRAVYVD128F4237876,1,3,1,3,1,3
TRAVYXL128EF34722F,1,2,1,1,1,3
TRAVZDX128F92ECF9B,2,2,1,2,2,3
TRAVZWX128F92EC110,1,2,1,2,1,3
TRAWABF128F92EC63A,3,2,1,2,1,1
TRAWAXV128F92E075C,3,2,2,3,3,2
TRAWBBO128F92D15E1,2,2,1,3,2,2
TRAWBOE128F92F2F46,1,2,3,2,2,2
TRAWBVQ128F149ADFD,1,3,1,1,3,2
TRAWBWG128F1462C30,3,3,2,3,1,1
TRAWCGS128F934BE2F,2,3,3,1,3,2
TRAWCIS128F428CFD1,2,3,3,1,3,2
TRAWCJY128F146A1D5,1,3,1,3,1,2
TRAWCQE128F14676AC,3,3,2,2,2,3
TRAWDLK128EF342E1E,2,2,1,3,3,3
TRAWDOU128F146D770,2,3,1,1,3,2
TRAWDWZ128F9340E55,1,2,1,1,3,3
TRAWEDC128F14A2EBA,2,2,1,3,1,2
TRAWEFD12903CBADE8,1,2,1,3,1,2
TRAWEIX128F14B0F05,1,2,1,2,3,2
TRAWEQF128F42591E9,1,1,1,2,3,2
TRAWEST128F4242614,2,3,3,3,3,2
TRAWFCM12903CBE6FA,1,2,2,1,3,2
TRAWFGF128E0792FE0,3,2,2,2,2,3
TRAWFYX12903CA4766,1,3,1,1,1,2
TRAWFZB128F92FFB99,1,3,1,3,3,2
TRAWGKB128F4268327,3,1,2,2,1,3
TRAWGLP128F92DE5AD,2,2,3,3,2,1
TRAWGXD128F428A36B,2,3,1,2,1,2
TRAWGYK128F42B847B,2,2,3,2,2,1
TRAWHTB128F92FE5B8,2,3,3,3,3,2
TRAWHZK12903CB5A01,2,3,3,3,1,2
TRAWIGC128F4295A2F,1,2,1,3,1,3
TRAWIGT128F427448E,2,2,3,3,1,2
TRAWIJG128F42B502C,1,2,2,3,3,2
TRAWJPF128F42626DB,1,3,1,3,1,2
TRAWKPT128E0795428,1,2,1,3,2,2
TRAWKQB128F92EE55D,3,2,2,2,2,1
TRAWLGG128F42884CA,1,3,1,3,2,3
TRAWLYD128F42153D2,1,3,1,2,1,2
TRAWMBE128F423A76C,1,3,1,3,1,1
TRAWNDA128F9341C35,1,3,2,3,1,2
TRAWNOH128F4287513,1,2,1,2,2,3
TRAWNSM12903CA71FC,1,3,1,3,2,3
TRAWOBG128F93256C6,2,3,1,1,1,2
TRAWOCY128F145B051,2,2,1,3,1,2
TRAWODX128F42AC413,2,2,1,2,2,1
TRAWOHD128F148D176,1,2,2,2,2,3
TRAWOVS128F424DC49,3,3,1,2,2,3
TRAWPBO128F933D918,2,2,3,1,1,2
TRAWPFX128F92E58B5,1,2,1,2,2,2
TRAWPNC128F92EAA90,1,3,2,1,1,3
TRAWPXB12903CFA413,1,3,3,3,2,3
TRAWQSO128F424E2F9,1,3,1,3,1,2
TRAWRHQ128F1495E6B,2,3,1,3,2,3
TRAWRKQ128F429866C,1,2,2,1,1,2
TRAWRWK128F4260B37,1,2,1,2,1,1
TRAWSJK128F42767F2,1,2,3,3,1,3
TRAWSSL12903CC4734,2,2,3,3,2,2
TRAWSXV128F4273E35,1,2,1,3,1,1
TRAWSYF128F149431A,1,3,2,3,2,2
TRAWTGS128F14569A8,2,2,1,2,2,3
TRAWTHB12903CB6497,1,2,1,1,1,3
TRAWTKK128F92C25D0,2,2,1,3,1,3
TRAWTUG12903CB2DB8,3,2,2,2,1,3
TRAWTUV128F426DD46,2,2,1,3,1,3
TRAWUJY128F9342A56,2,3,1,1,3,2
TRAWULX128F4291255,3,2,1,2,2,3
TRAWUUP12903CEF2F9,1,3,1,3,1,2
TRAWVNL128F9327983,3,2,2,3,2,3
TRAWVWS128F42ADCD1,1,2,2,3,1,3
TRAWWHT128F426894E,1,3,2,3,2,3
TRAWWIK128E078D19C,2,3,3,3,1,1
TRAWWQM128F148C796,1,3,2,3,1,2
TRAWXYD128F4255FBD,1,2,2,1,1,3
TRAWYDB12903CC4519,1,3,1,3,1,2
TRAWYNV128F92F5E7E,3,2,2,3,1,2
TRAWYTV128F429DEE8,1,2,3,2,2,3
TRAWZLK128F930EC02,1,2,2,3,2,3
TRAWZRG128F1489B24,2,3,1,1,3,2
TRAXAHC128F421D3C3,1,2,1,2,1,3
TRAXALK128F1462FF7,2,2,1,3,1,3
TRAXAMO128F4289D24,2,3,1,1,1,3
TRAXAZZ128F4255FAF,1,3,2,1,3,3
TRAXBUJ128F4247432,1,2,2,3,1,3
TRAXBVE128F932BD11,2,2,3,1,3,2
TRAXCZO12903CB819D,1,3,1,3,2,2
TRAXDAH128F422BBFC,1,3,1,3,3,2
TRAXDBM128E0785BD8,1,2,1,3,2,3
TRAXDML128E079159C,1,2,2,3,3,3
TRAXDNU128F9341CDE,2,2,3,3,2,2
TRAXDRW128F428A030,2,3,3,3,3,2
TRAXEHW128F423E590,2,3,3,3,3,2
TRAXGVY128F933E9C9,1,2,1,3,2,3
TRAXHQZ128F4278712,2,3,1,3,1,2
TRAXIES128F426C8F0,2,3,3,3,2,2
TRAXIYW12903CB4343,1,3,1,1,3,2
TRAXJBW128E0788652,1,2,1,3,1,2
TRAXJGG128EF3686D7,2,3,3,2,2,3
TRAXJHG128F427EA02,1,2,1,1,2,2
TRAXJIS12903CCAF92,2,2,3,1,2,2
TRAXJOA128F93474E8,2,2,1,3,2,3
TRAXJVO128F42AC534,2,3,1,3,2,3
TRAXLIU128E07860D4,1,2,1,2,3,3
TRAXLLN128F428B982,1,3,1,3,3,2
TRAXLPR128F428E466,1,2,1,2,2,1
TRAXLYT128F9348137,2,2,3,3,3,3
TRAXMWV128F14612AB,1,2,1,3,1,2
TRAXOQD12903CDD59D,2,3,3,1,3,2
TRAXOQP128F930DD49,2,3,1,3,1,3
TRAXOWL128F9343C95,1,3,2,3,2,1
TRAXPEN128F933F4DC,2,3,1,1,3,2
TRAXPGM128F428BBA6,2,2,3,3,1,3
TRAXPHE128F92F4100,1,3,2,1,1,2
TRAXPJU128F148ADE8,1,2,1,3,2,2
TRAXQDR128F4260194,2,2,3,2,2,1
TRAXQUZ128F42B77BE,1,3,1,2,1,3
TRAXQZA128F1463DEB,3,3,2,2,2,3
TRAXRGF128F930A59F,2,2,3,1,3,3
TRAXRSK128F42B44D2,1,2,3,1,2,2
TRAXRWA128F42464CD,2,3,3,2,2,3
TRAXSWS128F4254E1A,1,2,1,2,1,3
TRAXSWX128E0792BEF,2,2,3,3,2,3
TRAXUBG128F9332164,2,3,3,3,2,2
TRAXUHM128E078900C,1,3,1,1,2,3
TRAXUIZ12903CDF737,2,3,3,3,3,3
TRAXUPN128F42855C8,2,2,1,2,2,1
TRAXUQL128F932D6C4,1,3,1,2,2,3
TRAXWDS12903CEE35E,1,3,1,3,2,2
TRAXWLM128F1453E3B,2,2,3,3,3,1
TRAXWQU128F42716E2,1,3,3,3,2,2
TRAXXGI128F14688C7,1,3,1,3,2,3
TRAXXIT128F4263075,1,2,2,2,2,2
TRAXXQA128F9301855,2,3,1,3,2,2
TRAXYGX128F93158FC,2,2,3,3,2,3
TRAXYPP128F92F9111,1,3,1,2,2,3
TRAXZSJ128F145B3B0,1,2,2,3,2,3
TRAYABW128F4235888,2,2,3,3,3,2
TRAYADL128F14A4735,2,2,1,3,2,3
TRAYAKN128F9330A65,2,3,1,1,1,2
TRAYBTO128F932008B,1,2,2,1,1,1
TRAYCIH128E07890B9,2,2,3,3,2,3
TRAYCVB128F92EB7B0,1,2,1,2,1,3
TRAYDJL128F145F261,2,2,1,3,3,3
TRAYDXA128F42296C6,2,1,3,3,2,3
TRAYDYV128F42906E1,2,3,2,3,2,3
TRAYDZH128C71967BC,2,3,3,3,3,2
TRAYDZS128F4288459,1,2,2,1,2,3
TRAYEGN128F9361233,1,3,1,3,2,3
TRAYEKM128F92FB049,3,3,2,3,2,3
TRAYESZ128F1458FAE,1,2,2,2,3,3
TRAYEUY128F4233766,2,2,1,3,2,1
TRAYFBF128F92C52AB,1,2,3,1,1,2
TRAYFPK128E07850DC,1,2,3,2,1,3
TRAYFXH128F92E20F8,2,2,1,3,1,2
TRAYGBT12903CF5DF0,2,2,3,2,3,2
TRAYGQU128F934B4F5,2,3,3,3,3,2
TRAYGYF128F930CA01,1,2,1,3,1,3
TRAYHSN128F427E065,2,2,1,1,3,2
TRAYICR128F4282520,2,2,3,2,3,1
TRAYIUG12903CC7E3C,1,2,1,3,1,2
TRAYIUY128F4289952,2,3,1,3,1,3
TRAYJHF128F4294CB8,1,3,1,1,3,3
TRAYJMK128F9300253,1,3,1,3,1,3
TRAYJOF128F92F9EEA,2,3,1,3,2,2
TRAYKOC128F930D2B8,1,3,2,3,2,2
TRAYKTU128F934C82A,1,3,2,3,3,2
TRAYKZI128F932B9E8,1,3,1,1,3,2
TRAYLEA128F42B9487,3,3,2,3,2,3
TRAYLKH128F427BCCC,3,3,2,3,3,2
TRAYLRT128F42605AF,1,2,3,2,1,3
TRAYLSA12903CD02FC,2,3,1,1,1,3
TRAYMFR12903D09540,2,3,3,3,1,2
TRAYMJB12903CB050F,2,2,3,2,1,1
TRAYMKM128F4277046,2,2,3,3,2,3
TRAYMXS128F1452986,1,3,1,1,1,2
TRAYNVX128F933091B,2,2,1,3,1,1
TRAYOQI128F92F0967,2,2,3,2,3,2
TRAYOXN128E07926A8,1,2,2,3,2,3
TRAYPFH128E07937C3,3,3,2,1,2,2
TRAYPMR128E0785DD1,3,3,1,2,1,3
TRAYQAI12903CBDD3D,2,3,3,3,1,3
TRAYQCQ12903C99425,1,2,1,3,2,3
TRAYQKQ128F1491182,2,2,1,3,1,1
TRAYRPQ128F428DCC8,1,2,1,2,1,1
TRAYSMW128F1468307,1,2,1,3,1,2
TRAYSUA128F9338AD8,3,2,2,2,2,3
TRAYTDZ128F93146E3,2,2,3,3,2,2
TRAYTME128F423DC95,1,3,1,2,3,3
TRAYTMY12903CE4E5A,2,2,1,3,2,2
TRAYUCR128E078EE0F,1,3,1,1,3,2
TRAYUCR128F92E574F,1,3,1,3,1,3
TRAYUKR128F9344BB4,2,3,3,3,3,2
TRAYUWU128F423F66D,2,2,3,3,1,2
TRAYVLL128F9335B7A,1,3,1,1,3,2
TRAYWHE128F92E9D6A,2,3,1,3,2,3
TRAYWLI128F9300223,1,3,1,2,1,3
TRAYXBT128F425C974,1,3,2,2,1,3
TRAYXDI128F428CD9C,2,3,3,2,1,1
TRAYXPS128F422842E,2,3,3,3,1,3
TRAYXZX128F930F022,1,2,1,3,2,3
TRAYYAU128F92D58D0,2,3,3,3,2,2
TRAYYKO128F92E133B,1,2,1,1,2,2
TRAYZBA128F4264551,1,3,2,1,1,3
TRAYZXR128F934858F,2,2,3,1,1,2
TRAYZXS12903CF1C4F,1,3,2,3,3,2
TRAYZXT128F42650B1,2,3,2,3,3,2
TRAYZZB128F425B73A,1,2,1,3,3,2
TRAZACV128F426983D,1,2,1,1,1,3
TRAZAKG12903CF8157,2,2,1,3,3,2
TRAZASN128F427DB44,1,3,1,3,1,3
TRAZBBP128E07845D4,2,3,3,2,1,1
TRAZCOX128F42B6555,2,3,1,3,3,2
TRAZCPK128E078AF3F,2,3,1,3,3,2
TRAZCSY128F42683F2,1,3,1,3,1,2
TRAZCUE128F4223510,1,2,1,2,2,1
TRAZDHL12903CBBB4B,2,3,1,2,2,1
TRAZDKY128F4235130,2,3,1,3,1,2
TRAZDPO128E078ECE6,1,3,2,2,2,2
TRAZDTT128F9346306,2,2,1,3,1,3
TRAZEBG128F1456D2E,2,3,1,3,3,2
TRAZEDS128F14836FE,1,2,3,1,1,2
TRAZEYQ12903C9D099,2,3,1,1,2,2
TRAZFYU128F93569C6,1,3,2,3,2,3
TRAZHYX128F9311662,2,3,1,3,1,3
TRAZHZI128F930653D,3,2,2,2,1,1
TRAZIQB128F934B755,2,3,2,1,3,2
TRAZJGD128F4289D2A,2,2,3,3,1,3
TRAZJOI12903CDA550,3,2,2,2,1,2
TRAZJRY128F92E9CD6,2,2,3,3,1,2
TRAZJUH128F934465B,1,3,2,1,1,2
TRAZKAG12903CD1918,2,2,1,1,3,2
TRAZKPM12903CE9664,2,3,3,2,1,3
TRAZLCH12903CE3D6D,2,2,1,3,3,3
TRAZLCL128F92F0A89,2,3,1,1,3,2
TRAZLFO12903CB6C0B,1,3,2,1,2,3
TRAZLLR128F42A8DCC,1,2,1,2,2,3
TRAZLVR128E078F044,1,3,1,2,1,3
TRAZNDI128F9321777,2,2,3,1,1,3
TRAZOEU128F92E28DD,1,3,1,3,2,3
TRAZORC128F426C323,2,3,1,1,1,2
TRAZOSB128F9302A07,2,2,1,2,3,1
TRAZPJO12903CB4EA6,2,3,3,3,2,3
TRAZPMW12903CFAC16,1,2,3,3,1,2
TRAZPYG128F4288AC3,1,2,2,1,1,3
TRAZQET128F42A0449,2,2,3,2,1,2
TRAZRAR128F1477778,2,3,3,3,1,3
TRAZRBR128E0782989,1,3,2,3,2,3
TRAZRKK12903CD7385,2,2,1,1,2,3
TRAZRKX12903D0C4DB,2,3,1,3,2,3
TRAZRXP12903CBD6A9,1,2,1,3,1,2
TRAZSCZ128F42554F4,1,2,1,2,2,3
TRAZSFV128F14806FE,3,2,2,2,1,3
TRAZSJY128F92CCEA0,1,3,1,3,2,2
TRAZSRV128F1452866,1,3,1,2,1,2
TRAZSVJ128E0785129,2,3,3,3,1,2
TRAZSVT128F92DEC7B,2,3,1,2,2,3
TRAZSZD128F424AA49,1,3,3,3,1,3
TRAZTBZ12903CFB6DA,2,3,3,1,1,2
TRAZUVK12903C9ACBA,1,3,2,3,2,3
TRAZVFJ128F9310CE2,2,2,3,3,1,2
TRAZVMZ128F1476A87,2,2,1,3,2,3
TRAZVVV128F428A033,2,3,1,3,1,3
TRAZVYP128F1459AD9,1,2,1,2,2,3
TRAZVZJ128F92EF28A,2,2,1,3,3,2
TRAZWDT128F4241B14,2,2,1,3,2,3
TRAZWFF128F42508A6,1,3,2,1,1,2
TRAZWGV128F425DA7C,1,2,1,3,1,2
TRAZWSN12903CD494F,2,3,3,2,2,3
TRAZWTT128F935AA16,1,3,2,2,2,2
TRAZXBG12903CC5BF2,2,3,1,1,3,3
TRAZXBO128F429DA70,1,2,2,2,1,3
TRAZXDC128F429874E,1,2,3,3,1,3
TRAZYJO128F42AF4B5,2,3,3,3,1,3
TRAZYQF12903CE3DA5,2,2,1,3,3,2
TRAZYQU128F934AC32,1,2,1,1,1,2
TRAZYVR128F4280A24,2,2,3,2,3,3
TRAZYYE128F1456A0E,2,3,3,3,2,3
TRAZYZQ128F146653D,3,2,2,3,3,2
TRAZZLJ128E07945F2,1,2,2,3,3,3
TRAZZQC128F427A0F5,1,2,1,3,1,2
TRBAAGQ128F148D17E,1,2,1,2,1,3
TRBAAOC128F42A6BEA,2,2,3,2,3,1
TRBAAOT128F4261A18,3,3,2,2,2,1
TRBABAC128E07852A8,2,3,3,2,2,1
TRBABGU128F93391B2,1,2,2,3,1,1
TRBABRR128F427D982,1,3,1,3,3,3
TRBACUF128F4247F8C,1,2,3,3,1,3
TRBADFY128F422F325,1,3,1,3,2,2
TRBADGN128F42AA534,2,2,1,3,1,2
TRBAEJD128F4264B50,1,3,1,3,3,2
TRBAFBU128F427EFCE,1,2,1,3,2,3
TRBAFWX12903CA9831,1,3,2,1,2,2
TRBAHBP128F42985D6,2,2,3,3,3,2
TRBAHED128F426A1C2,2,2,3,3,3,3
TRBAHEH128F9327D39,2,2,1,3,1,1
TRBAHID128F4278EAF,1,3,1,3,3,2
TRBAHJW128F92CC8B4,3,3,2,2,2,3
TRBAHPZ128F427FCEA,2,3,1,3,2,2
TRBAIAW128F92C5652,1,3,2,1,3,2
TRBAIHN128F427D480,2,2,3,3,1,2
TRBAIKM12903CBCF21,1,3,2,2,1,3
TRBAJRL128F1482E66,1,2,2,2,2,1
TRBAJXD12903CC3493,1,2,1,3,1,3
TRBAKRM128F4248228,2,2,3,3,1,3
TRBALIJ128F14884B5,1,3,1,1,2,2
TRBAMES128F14947D4,1,2,2,3,2,3
TRBAMEV128F148C814,1,3,1,3,2,2
TRBAMFR128F4287A3C,1,3,2,3,2,2
TRBAMXF128F1470AD6,1,2,1,3,2,3
TRBANAZ12903CCFE35,2,3,1,3,3,3
TRBANBC128F147E363,1,2,1,3,3,3
TRBANCJ128F42812AE,1,2,1,2,1,2
TRBANHO128F425A477,1,2,1,3,2,3
TRBANHO128F93466AF,2,2,1,3,3,3
TRBANPN128F148CC45,2,2,1,3,3,1
TRBAOBO128F1456D66,1,2,1,3,1,3
TRBAOJU128F42621E6,2,3,1,1,1,2
TRBARCH128F92FB2A9,2,2,1,1,2,2
TRBARHH128E078EDE9,1,2,2,2,2,2
TRBARSX12903D03AE5,1,2,1,2,2,1
TRBASEQ128F93155D2,2,2,3,3,2,2
TRBASGH128F4276439,3,2,1,3,3,2
TRBATEY128F4285370,2,3,3,3,2,3
TRBATGR128F14AD2FA,2,2,3,3,2,3
TRBATKI128F4284D54,1,2,1,3,1,3
TRBATRO128F4225566,1,2,1,3,1,2
TRBATSC128F427D709,1,3,2,2,2,2
TRBAUBI128F424142E,3,3,2,1,3,2
TRBAULO128F93300AE,1,2,2,2,2,1
TRBAUPE128F9305DC7,2,2,1,2,2,3
TRBAUVN128F932FEF8,2,2,3,2,1,3
TRBAVLT128F428F147,1,2,2,3,2,2
TRBAVMF12903CEA4FB,1,2,1,1,3,2
TRBAWKB128F931BAEE,1,2,2,2,2,2
TRBAWSG128F14ADD48,1,2,1,3,2,2
TRBAXCV12903CA4067,1,2,1,3,2,2
TRBAXDP12903CD1922,1,3,1,3,1,2
TRBAXUW128F933BBD9,2,3,3,1,2,3
TRBAYEM12903CAC072,1,3,2,3,2,2
TRBAYER128F933D3B7,2,3,1,3,3,3
TRBAZFD12903CB641D,1,2,1,3,2,2
TRBAZYH128F4288198,1,2,1,1,3,2
TRBBAHD128F428E0FE,3,2,2,3,2,3
TRBBAKH128F92FA339,1,3,1,3,2,2
TRBBBMT128F42A0A4E,1,2,3,3,3,3
TRBBCBT12903CB0497,2,1,3,1,3,2
TRBBCJH128F930C970,1,2,2,2,1,1
TRBBDPA12903CCCA06,1,3,2,1,1,2
TRBBDXO128F14A4737,2,3,3,3,3,2
TRBBEGG128F9314BAA,2,2,1,3,1,2
TRBBEJC128F4281471,1,3,1,3,3,2
TRBBEQY128F42373AF,2,2,3,2,2,3
TRBBEYU128F4235623,1,2,2,3,3,2
TRBBFBZ128F42493ED,1,3,2,2,2,2
TRBBFHG128F932B9D6,3,3,2,1,3,2
TRBBFOT12903CBCB4F,2,3,3,3,1,3
TRBBFUA128F933AB95,2,2,1,3,2,1
TRBBGDK128F427D450,1,3,3,2,2,3
TRBBGQN128F9310CBE,2,3,1,2,2,3
TRBBHFE12903CA5EEB,1,2,1,3,3,2
TRBBHLO128F9302EA4,1,3,2,2,2,2
TRBBHPQ128F145A7F8,1,3,1,3,3,2
TRBBHUW128F429476F,2,2,3,3,2,3
TRBBIBE128F4226E29,2,2,1,3,1,2
TRBBICL128F42ADFD3,2,2,3,2,2,3
TRBBILZ12903CB422C,2,3,3,3,3,2
TRBBIPG128F92FA94D,1,3,1,3,2,2
TRBBJAJ128F425DA40,1,2,3,3,3,2
TRBBJBO128F92EB2C5,2,3,1,2,3,3
TRBBJFO12903D074EE,2,2,1,3,1,3
TRBBJVE128F9303F10,2,2,1,2,1,3
TRBBKLD128F424ABF5,1,3,1,3,1,2
TRBBKXZ128F4215C88,1,2,2,2,2,2
TRBBLFA12903CDC496,2,2,1,1,2,3
TRBBLTE128F42558EF,1,3,3,1,1,2
TRBBLTV12903CC3C00,1,3,2,3,1,3
TRBBMAL128F146B288,3,3,2,3,1,2
TRBBMDA12903CB688E,1,2,1,2,1,2
TRBBMIF12903CA1EB0,2,2,3,3,1,3
TRBBMLR128F1466822,2,3,1,1,1,3
TRBBMPH128F1469775,2,3,1,3,1,2
TRBBMQN128EF35F995,2,3,1,3,1,3
TRBBMXI128F428CCD1,1,2,2,3,1,2
TRBBNNS128F931C83D,1,3,2,3,2,2
TRBBOBQ12903CC5186,1,3,1,2,1,3
TRBBOME12903CC3862,1,2,1,3,1,2
TRBBOPV12903CFB50F,2,2,1,3,1,2
TRBBOUN128F425A4E6,2,3,3,3,2,2
TRBBPGU12903CF7C25,1,3,2,3,1,2
TRBBPPB128F14AB242,2,3,1,3,1,3
TRBBPSX128F93332EE,2,3,3,2,2,3
TRBBQFV128F4252EFF,1,3,2,3,2,2
TRBBQJZ128F92C5AF2,1,2,2,3,2,2
TRBBQPP128F92EE611,1,3,2,2,2,1
TRBBREF128F933CCDD,1,2,1,1,3,3
TRBBTDV128F934F6B1,2,3,1,3,2,3
TRBBTLA128F4226907,1,2,2,3,2,2
TRBBTUD128F42A10A3,2,3,1,3,3,2
TRBBTZW12903CE7495,2,3,1,2,2,2
TRBBUCK128F42AFAD6,3,2,2,3,3,3
TRBBULA128F146E122,2,2,3,3,1,2
TRBBUOJ128F92FC6F2,2,3,1,3,3,2
TRBBVBM128F4276D82,1,2,3,3,2,2
TRBBVNR128E078E1E4,2,3,1,3,1,3
TRBBVSO128F9341C12,2,3,3,2,1,1
TRBBWDJ128F42595D5,2,2,3,3,2,1
TRBBWIP128F4287400,1,3,2,3,1,3
TRBBWNS128F426F760,3,2,1,2,3,2
TRBBXEG128F424EC2C,2,2,3,2,1,2
TRBBXMC128F422C330,2,3,3,3,1,2
TRBBXML128F4256DFF,1,3,1,3,3,3
TRBBYDT128F14805B4,2,2,1,1,3,2
TRBBYFJ128F42A22D4,2,2,3,3,2,2
TRBBYOI128F4256732,2,3,3,3,1,2
TRBBZOG128F422B02B,2,3,3,2,2,2
TRBBZQM128F931A529,2,3,1,3,2,3
TRBBZXJ12903CD3E8D,1,3,2,2,1,1
TRBCADG128F14AB245,2,2,1,3,2,2
TRBCALG128F1483839,2,3,1,2,1,1
TRBCANP128F92FA6B9,1,2,2,3,2,3
TRBCBLN128F932BC9D,1,3,1,1,3,2
TRBCBLV128F14ADF31,1,3,1,3,2,2
TRBCBMG12903CDE2A4,2,2,3,3,2,1
TRBCBVY128F933A195,1,2,1,3,1,3
TRBCBXZ128F14628C3,1,2,1,2,1,2
TRBCCAJ128F148CBBB,2,3,1,2,3,3
TRBCDCS128F422F0CF,2,3,3,1,3,2
TRBCEVJ128F428E090,1,3,2,2,1,3
TRBCFLI128F429F370,2,1,3,3,1,1
TRBCGET128F9315E90,1,3,1,3,1,3
TRBCGKB12903CC0031,2,2,1,1,3,2
TRBCGKN128F4269BD4,1,3,2,3,1,2
TRBCGRI128F93355E9,1,2,1,3,2,2
TRBCGXN128F148C0CD,2,3,1,1,1,2
TRBCHEE128F92F82D0,1,2,2,3,2,3
TRBCHSH128F93304E1,2,2,1,3,3,2
TRBCIEV12903CE60F1,2,3,1,3,2,2
TRBCIRO128F42B0277,1,3,1,3,3,2
TRBCIXV128F4261F09,1,2,1,3,2,3
TRBCJIX128F424F99E,1,3,1,3,2,3
TRBCJQH128F1497A7B,1,2,2,2,2,3
TRBCJRW12903CD02BC,2,3,3,3,1,2
TRBCJSZ128E07969B5,1,3,1,3,1,3
TRBCJUF128F93190C2,1,3,2,3,3,2
TRBCKEI128F92FE542,1,2,1,2,2,1
TRBCKNP128F4222D54,1,3,1,3,2,2
TRBCKRF128F9320920,1,2,1,1,1,2
TRBCLGH12903CCA1D0,2,2,3,3,1,3
TRBCMSO128F92E6AE5,1,3,1,1,3,2
TRBCNWM128F92D50EC,1,2,1,3,1,3
TRBCPXR128F42AC544,2,3,1,3,2,2
TRBCQLB128F9332CF4,1,3,3,3,2,2
TRBCRDW128F422D8BA,3,2,2,3,3,2
TRBCSDW128F424D686,2,3,3,3,1,3
TRBCSMH128F146A146,2,3,1,2,1,2
TRBCSSP128F933B1D2,2,3,1,3,1,3
TRBCTBG128F42B7E1B,1,3,2,1,1,2
TRBCTRX128F4299237,1,3,2,3,3,3
TRBCUBV128F145F7E9,1,3,3,2,2,1
TRBCULX128F92F5CB3,1,3,2,3,1,3
TRBCUPT128F1462B73,2,3,3,3,3,2
TRBCVFF128F4222C3C,3,3,2,2,1,3
TRBCVKL128F92CE9EF,2,2,1,3,1,2
TRBCVPD12903CECBE8,1,3,2,3,2,2
TRBCWGM128F428D6FD,2,2,1,3,2,3
TRBCWOW128F1467692,1,2,1,3,1,3
TRBCWPC128F42438DF,1,2,2,3,1,1
TRBCWYB128F92E246A,3,3,2,1,3,2
TRBCWYJ128F93213A1,3,2,1,2,1,2
TRBCXDA128F426A86F,1,2,1,2,1,2
TRBCYEC128F423A352,1,2,1,3,1,2
TRBCYOI128F1455566,2,2,1,2,3,1
TRBDAVU128F423814A,1,3,1,3,2,3
TRBDBJM128F1456D2D,2,3,2,1,1,2
TRBDBOI128E07817D7,2,3,1,3,1,2
TRBDBRX128F92F6E19,2,3,1,2,2,1
TRBDBVM128F427BCC9,1,2,3,2,3,2
TRBDBXO128F42B3E45,2,2,1,3,2,3
TRBDCAB128F92F7EE4,2,2,1,1,3,2
TRBDCAH128EF362D31,1,2,1,3,3,3
TRBDDKF128F426BF7B,1,3,1,2,1,2
TRBDDTT128F4291192,1,3,2,1,3,2
TRBDEKV128F426BDAF,2,3,1,3,3,2
TRBDENV12903CC4FDA,1,3,1,3,3,2
TRBDEXM128F4291A7F,1,3,2,1,1,2
TRBDFCT128F4285E05,2,2,3,3,2,3
TRBDFMM128F42A63D0,1,3,1,3,3,3
TRBDFPV128F42A072C,2,3,3,1,2,2
TRBDFUU128F92EF5BC,1,3,2,1,3,2
TRBDHKL128F426BE45,2,2,1,3,2,3
TRBDHUD128F934B032,2,3,3,1,3,2
TRBDHUE128F9317991,2,2,1,3,2,3
TRBDHUR128F423EC48,1,2,3,2,1,2
TRBDIBC12903CE95C2,1,2,2,3,2,3
TRBDIMX128F147A307,1,3,2,3,2,3
TRBDIOP128EF35F99C,1,3,2,3,1,3
TRBDIPI128F4279185,2,3,1,3,2,3
TRBDITJ128F145998C,1,2,1,1,3,3
TRBDITK128F931B9A7,1,2,1,3,1,2
TRBDIZG12903CD68A3,2,3,3,1,3,2
TRBDKOV128F4290943,1,3,1,3,3,2
TRBDKQI128F1465028,2,3,1,3,1,1
TRBDLLL128F9331D6E,2,2,1,1,1,3
TRBDLRT128F4296B2F,1,3,1,2,1,1
TRBDLXE128F9310E95,3,3,2,3,2,3
TRBDMAU128F935960B,2,3,3,3,1,2
TRBDMCC128F9358267,1,2,2,3,2,2
TRBDMRW128F933A391,1,3,1,3,1,2
TRBDMWS128F423A021,1,2,1,2,1,3
TRBDNGV128F42895AE,2,2,3,3,1,3
TRBDNNY128F147C34C,2,3,1,1,1,2
TRBDNWG12903CC3873,1,3,1,2,2,2
TRBDNZI128F14A9065,2,3,1,2,1,3
TRBDODQ128F423A780,1,3,1,3,2,2
TRBDOEI128F9329AE5,1,2,1,3,1,1
TRBDOVF128E0795641,1,2,1,3,1,3
TRBDPHP128F92C2AE1,1,1,3,3,2,1
TRBDPRV128F9306A7E,2,3,3,3,1,2
TRBDQLL128E078B757,1,2,1,3,2,3
TRBDRIN128F9308ABF,1,3,2,2,2,1
TRBDRIR128F4241358,1,2,2,1,3,2
TRBDROB128F93093CA,1,2,2,2,1,3
TRBDSFP128E07937B9,1,3,1,3,2,2
TRBDSLA128F4288246,1,2,1,3,2,3
TRBDSPH12903CA2967,1,3,2,3,3,3
TRBDSWA128F92FE70A,2,2,1,3,2,3
TRBDSXV128F92F5B43,1,3,2,1,3,2
TRBDTNY128F9327A10,1,3,2,3,2,3
TRBDTZX128F92DFA66,1,2,1,3,1,2
TRBDUSM128F9339A13,1,2,1,3,2,1
TRBDUXD128F148328A,1,3,2,2,1,3
TRBDVCW128F427C875,2,2,3,3,3,1
TRBDVJF128E078894B,3,2,2,3,2,1
TRBDVLN128E078C6FB,3,2,1,2,2,1
TRBDVVT128F4279D11,1,2,1,2,1,1
TRBDVZL128F92F579F,1,2,1,3,1,2
TRBDWLE128F42B3112,2,2,1,2,2,3
TRBDWRY128F427991E,3,3,2,2,2,1
TRBDYEF128F423DC43,1,3,1,2,2,3
TRBDYIC128F92F1D17,1,2,1,2,3,1
TRBEAMO128F425B75F,1,2,1,2,2,3
TRBEATE128E078F0D8,1,2,2,3,1,2
TRBEAWP128F422B4D1,2,1,3,3,2,1
TRBEAXZ128F424347B,1,2,1,3,1,3
TRBEBEZ128E0792F08,2,2,1,2,2,1
TRBEBFU128F14971BD,3,3,2,2,2,2
TRBEBNV128F423783D,2,2,3,3,3,2
TRBEBUU128F92C945D,3,2,2,2,2,3
TRBEBVZ128F425A660,1,3,2,3,1,2
TRBEBWG128F93214A4,1,3,1,2,2,3
TRBEBWN128F933D21F,1,2,1,3,1,2
TRBEBYV128F14A0B65,1,3,1,2,3,3
TRBECAL128F4270F27,3,1,1,2,2,3
TRBECBY128F148B6F3,2,3,1,3,2,3
TRBECKU128F428B08A,1,2,1,2,1,1
TRBECUJ128F14B0BA7,2,3,1,3,2,3
TRBEDBC128F145B134,1,2,1,3,2,2
TRBEDIR128F4250FBD,1,3,1,3,1,3
TRBEELS128F42B63A8,3,3,2,2,2,2
TRBEERY128F4231A2E,1,3,3,2,1,2
TRBEFFG128E0793C24,1,2,3,2,1,3
TRBEFJE128F932139E,1,2,1,2,2,1
TRBEFQB128F932138A,1,3,2,3,2,2
TRBEHBS128F4233471,2,2,1,2,1,2
TRBEHFA128F145B3DA,1,2,1,3,1,3
TRBEHGH128E078DEDE,2,3,3,3,1,3
TRBEHNT128E0792546,1,2,2,3,1,2
TRBEIAM12903CF4476,2,2,1,2,1,3
TRBEIBI12903CBD2B6,2,2,1,2,1,2
TRBEIBI12903CC4C7B,1,3,2,3,2,2
TRBEIKK128F14628D6,1,3,1,3,1,2
TRBEIRT128F42A6680,2,3,1,1,1,3
TRBEISL128F931B107,2,2,3,2,1,2
TRBEIVC128F9320E95,2,3,1,3,2,3
TRBEIYU128F92E88A9,2,3,3,3,3,2
TRBEKGF12903CBE1C6,1,2,1,3,2,3
TRBEKGR128F425DA44,1,3,1,2,1,1
TRBELDP128F427EDD0,2,3,3,1,1,2
TRBEMTF128F42660CA,2,3,1,2,1,2
TRBENNA12903D0411A,2,3,3,3,2,3
TRBENTT128E0781C26,2,2,1,3,2,2
TRBENZB128F429C5FD,3,2,2,3,1,1
TRBENZL128F1455ECA,2,3,1,3,2,3
TRBEOMZ12903CBCD33,1,3,1,2,1,3
TRBEONX128E0788D2B,2,2,3,3,2,1
TRBEOUP12903CF652E,3,2,2,3,1,2
TRBEQFT128F4238A28,2,2,1,3,1,3
TRBERCZ128E0787D93,1,3,1,3,3,2
TRBESEX128F147BB13,1,3,2,3,1,3
TRBESGH128E0788912,2,2,1,1,2,3
TRBETHV128F429722F,2,2,3,3,1,2
TRBETVK128F4288B49,1,3,2,3,2,3
TRBEUKI128F9318306,1,3,2,3,1,2
TRBEUMG128F422305C,2,2,1,1,1,3
TRBEUSV128F42A5F43,2,2,1,3,1,2
TRBEVTM128F92FE2B2,3,2,1,3,3,3
TRBEWCS128F428BA34,2,3,3,1,1,2
TRBEWTY12903CB4779,1,3,2,3,3,2
TRBEXUF128F92DF175,3,3,1,1,3,3
TRBEYDS128F148C563,2,2,1,1,3,3
TRBEYEO128F9308A8D,1,2,1,2,2,2
TRBEYJR128F4292651,1,2,2,2,1,1
TRBEYYM128F1493C56,1,2,2,2,2,3
TRBFAKP128F148B600,2,3,1,3,1,2
TRBFANX128F42934C3,1,2,1,3,2,2
TRBFBOG128F9356C6E,1,3,2,3,3,2
TRBFBUO128F42A3DED,1,3,1,2,2,2
TRBFCWN128F92D5E03,2,1,3,3,1,3
TRBFCZL128F42915B0,2,2,3,3,3,2
TRBFDGT128E0786A25,1,2,3,3,3,3
TRBFDRD128F92F79D5,3,2,2,2,1,3
TRBFEIX128F426A5F8,2,3,1,1,1,3
TRBFGDW128F4261FA6,1,3,1,2,2,1
TRBFGFF12903CF4183,2,2,3,3,2,3
TRBFHQG128F93092E5,1,3,1,3,1,3
TRBFHRA128F424D28A,2,3,3,3,2,3
TRBFIAK128E07823AA,2,3,3,1,2,2
TRBFICL12903C9CE02,1,2,1,2,1,2
TRBFIHG128F4289CF9,2,3,3,3,1,2
TRBFIUJ12903CFEB7C,1,3,2,3,3,2
TRBFJDL128F1461579,3,2,2,3,1,2
TRBFJGB128F42612B1,1,3,1,3,1,3
TRBFJKU12903CEDB0C,1,3,1,3,3,3
TRBFJPO128F4295BE3,3,2,2,3,3,3
TRBFKHT128F427215E,1,2,2,2,1,3
TRBFKNY128F92E0FF2,2,2,1,3,1,2
TRBFLER128F148C52B,2,3,1,1,1,2
TRBFLFI128F427F374,2,3,1,3,1,2
TRBFLIP128E07897B4,1,3,1,3,1,2
TRBFLOH128F42630E3,1,3,1,2,2,3
TRBFLSD128F42A0F4C,2,3,1,2,3,3
TRBFMAS128E078F352,1,3,1,3,1,3
TRBFMFO128F421BFD4,2,2,1,2,1,3
TRBFMGE12903CDECE5,1,2,1,3,2,3
TRBFMTO128F9322AE7,1,3,3,1,3,2
TRBFNBC12903CA9800,2,3,3,3,2,2
TRBFNMG128F4278109,1,2,2,1,2,3
TRBFOEA128F425D2DB,3,2,2,2,3,3
TRBFPEP128F14ADD52,1,3,1,3,2,3
TRBFPJD128F933B5C3,1,3,2,1,3,2
TRBFPRL128F14569B9,3,2,2,2,2,1
TRBFQPI128F4280CDA,3,3,1,1,3,1
TRBFQQY128F4249C56,2,2,1,1,3,2
TRBFRFR128E0781C86,2,3,3,3,3,2
TRBFRNE128F42368B1,1,2,1,3,3,3
TRBFRZX128F9341EAE,1,3,2,3,1,1
TRBFSKB128F145C5B1,3,2,1,3,1,2
TRBFSNP128F14572B5,1,3,1,3,2,2
TRBFSPZ12903CB5230,2,3,1,3,2,3
TRBFTHM12903CCC8FD,2,3,1,1,2,2
TRBFTJP128F426AC3F,1,2,2,3,1,2
TRBFUMI128F42B5731,2,2,1,2,2,3
TRBFUNY128C7196B7D,1,2,1,2,1,1
TRBFUPH128F426310A,2,2,1,3,3,3
TRBFUPZ128F145DB81,1,2,2,3,2,2
TRBFURI128F1455498,2,3,1,3,2,3
TRBFUSW128F92D0357,1,2,1,3,2,3
TRBFUXQ128F145B135,1,2,2,3,1,2
TRBFVAA128F423C356,1,2,1,3,3,3
TRBFVEP128F42621E3,2,3,1,1,3,2
TRBFVMO128F14537D3,1,3,1,3,1,3
TRBFVOP12903CF0DFA,3,2,2,3,3,3
TRBFVZI128F147FCAF,3,2,2,3,2,3
TRBFVZZ128F92FD7B5,1,2,2,3,3,3
TRBFWSP128F92F29B4,1,2,1,2,1,2
TRBFWTU128F4220AC5,2,2,3,2,3,3
TRBFWYX128F145F889,2,2,3,1,3,3
TRBFXMJ12903CB50F6,1,2,1,2,1,3
TRBFXVN128E078CF62,1,3,2,3,1,3
TRBFYJE128F14A8ABF,1,3,1,3,1,3
TRBFYKT128F428AFF7,1,3,1,3,2,3
TRBFZRA128F427030C,1,2,2,3,3,3
TRBGACK12903CD5CF5,1,2,2,3,1,2
TRBGBEE12903CBD301,1,2,1,2,3,1
TRBGBGO128F4264203,1,2,2,1,1,2
TRBGBIK128F4294A67,1,3,3,3,3,3
TRBGBUY128F422B413,2,2,3,3,3,3
TRBGCAK128F425F3CC,1,2,1,3,3,3
TRBGCLK128F4237A50,3,2,2,3,2,3
TRBGDXO128EF3531E8,2,3,3,3,1,2
TRBGDXT128F1487E86,2,2,3,2,3,2
TRBGEGB128F9345BD0,1,2,1,2,2,3
TRBGEZA128F4286D23,2,3,1,3,1,2
TRBGFLG128F1465AFD,2,2,1,3,2,2
TRBGFUW12903CA0E6B,2,3,1,3,1,2
TRBGFXC12903D01967,2,2,1,3,2,2
TRBGGFE128E0785AC0,2,1,3,1,3,2
TRBGGOS128F9307FC5,1,3,2,3,1,2
TRBGGRK128F422CA7F,2,3,3,1,3,2
TRBGGTE128F424ECBC,2,1,3,1,1,3
TRBGGYE128F42B63AB,3,3,2,3,2,2
TRBGHJG128F428ADB4,1,3,1,1,1,2
TRBGHND128E079438C,2,3,3,2,1,2
TRBGHVM128F146B47A,2,2,3,3,2,1
TRBGIAQ128F1483BFE,1,3,1,3,1,3
TRBGICJ128F427BA9A,2,2,1,3,1,2
TRBGIDU128F4241A2E,2,2,1,3,2,2
TRBGIPU128F4290454,3,3,2,2,3,1
TRBGITL12903CF2662,3,3,2,3,1,2
TRBGJDW128F4292EDB,1,3,1,3,1,3
TRBGJIZ128F92E42BC,1,3,1,2,1,1
TRBGJOG12903CC3E93,2,2,1,1,3,3
TRBGKGR128F92EE206,3,2,2,3,1,3
TRBGKJU128E079851F,1,3,2,3,1,3
TRBGLAD128F9343692,1,2,2,3,2,1
TRBGLRQ12903CA86EE,2,3,1,3,1,3
TRBGLSW12903CE3D8A,2,2,3,2,3,3
TRBGMAZ12903CC3707,2,3,3,3,1,3
TRBGMJF128F425E8EA,1,2,1,3,1,3
TRBGMUA128F92E9A1C,1,3,2,2,3,1
TRBGMWQ12903CC23CD,2,3,1,1,3,2
TRBGNAF128F9339532,2,2,3,3,3,2
TRBGNCL128F428F56F,1,2,1,3,1,2
TRBGNNC128F148D427,2,3,3,2,1,3
TRBGODE128E0785BC8,1,3,1,3,2,3
TRBGOPC128F4231959,3,2,2,3,1,2
TRBGOVC128F934435E,2,3,3,3,2,1
TRBGOWY12903D0E2A0,3,2,2,2,1,3
TRBGPCC128F428FF02,2,2,1,3,3,2
TRBGPHO128F4254D34,2,3,3,3,2,2
TRBGPWE128F421CCB4,1,2,2,3,2,3
TRBGPYK128F42796E1,3,3,1,2,1,2
TRBGPZX128F4285105,2,3,1,3,1,3
TRBGQKE128F425EDC9,3,2,2,3,1,3
TRBGRGT12903CC5019,1,3,1,1,1,1
TRBGRIP128F147FCA6,3,2,1,2,2,3
TRBGRWH128F92E3551,2,3,1,3,2,3
TRBGSAQ128F1470B41,1,2,3,2,1,3
TRBGTNZ128F1481BBD,1,2,1,2,2,3
TRBGTPK128F429E5D5,1,2,1,3,1,3
TRBGTZD128EF34B6C3,2,2,3,3,1,3
TRBGUHX128F4279757,2,2,3,3,2,3
TRBGUSS128F92F94BB,2,3,1,3,3,2
TRBGUTI128E07872F0,1,2,2,2,1,1
TRBGUUE128F1494FB6,1,3,1,2,1,1
TRBGUUF128F9334B97,1,3,2,1,1,3
TRBGWEG12903CFF7EE,1,3,1,1,3,2
TRBGWGD128F42418B2,2,1,1,1,3,2
TRBGWJB128F4275C7B,2,2,3,2,1,1
TRBGWQG128F92FB42D,1,3,2,3,1,3
TRBGWVI128E0788AE7,1,3,2,3,2,2
TRBGWWM12903CCE627,2,3,3,3,1,2
TRBGXHJ128F93302C7,1,1,3,3,1,1
TRBGXHS128F426B568,1,3,1,3,1,3
TRBGXWM128F428E59A,2,2,2,3,2,2
TRBGYCS128F4277187,1,2,2,1,3,2
TRBGYSS128F1487760,2,2,3,3,1,3
TRBGZKO128F92DB016,1,2,1,3,1,3
TRBGZLM128F4221E63,2,3,3,1,3,2
TRBHAAK128F92E27BF,2,3,3,3,1,1
TRBHAFV128F425D48E,1,2,1,3,2,1
TRBHAUR128F147481A,2,3,3,3,3,2
TRBHBGB128F931E4CF,2,3,1,3,2,3
TRBHCQA128F149F192,2,2,1,2,1,3
TRBHCXR128F92E7D0E,2,3,3,3,1,2
TRBHDGL128F42324A7,1,3,3,2,3,2
TRBHDTL128F1468F7D,3,3,2,3,3,2
TRBHEBY128F148CF2B,1,3,1,3,1,2
TRBHEVR128F4263CE0,1,2,2,3,1,2
TRBHFBL128F14537D2,1,2,3,3,1,3
TRBHFDA128F4270728,2,2,3,3,1,3
TRBHGDD128F1486C2E,2,2,3,3,3,2
TRBHGKH128F427FB11,2,2,1,2,1,1
TRBHGUK128E078E031,2,3,1,2,2,1
TRBHGVH128F148AD73,2,3,1,3,2,3
TRBHHFG128F93353FE,2,2,1,3,1,2
TRBHHMI128F426779C,1,2,1,3,1,2
TRBHHUC128F4294C6F,1,3,1,2,1,2
TRBHHWQ128F93321AB,3,3,2,3,1,2
TRBHIJC128F92E55E2,2,3,3,3,2,3
TRBHIRB128F1452ACC,1,3,2,2,1,3
TRBHIVF128E078DB92,2,2,3,2,3,3
TRBHJAY128F14A9061,1,3,2,3,1,2
TRBHJFG128F426C8EA,1,3,1,3,1,2
TRBHJJP128F145EA12,1,2,2,3,2,2
TRBHJLT128F1460832,2,3,2,2,2,1
TRBHJPQ128E078ED8F,2,2,1,1,1,2
TRBHJUJ128F92EBE24,1,2,1,3,2,2
TRBHKCL128F425A036,1,3,1,2,3,3
TRBHKKK128F427E9FF,2,2,3,1,1,2
TRBHKXX128F4252D02,1,2,1,2,1,1
TRBHLBL12903D0137C,1,3,1,3,1,3
TRBHLDQ128F423EF10,2,3,1,2,3,1
TRBHLGE128F42A64E5,2,2,1,3,1,3
TRBHMHM12903CD9C85,2,2,1,1,2,3
TRBHMMC128F424991B,1,2,1,3,3,2
TRBHMZS128F42658FF,2,3,1,3,3,3
TRBHNEU128F426E873,1,2,1,2,1,2
TRBHNHZ128F42A6BEF,1,3,1,3,3,3
TRBHNUB12903CC2475,2,3,1,1,1,2
TRBHOEV128F4279182,2,3,1,3,1,2
TRBHOXV128F92FBB72,2,2,1,3,2,3
TRBHPGG128F428C972,2,3,1,3,3,2
TRBHQHN128F148A1B3,1,3,1,3,3,2
TRBHQUM128F9309DE1,1,3,1,3,2,2
TRBHQXZ128F42408ED,1,3,1,2,2,3
TRBHRLX128F93466B9,2,3,1,1,1,2
TRBHRME128F42537E5,2,3,3,3,3,2
TRBHSDN128F4274E9F,2,3,1,3,2,2
TRBHSMF128F4285B9C,1,2,1,3,2,2
TRBHSVR128F9324499,2,2,1,3,2,3
TRBHSWH12903D07A35,1,3,1,3,3,1
TRBHTKF128F92CC5D2,1,3,2,3,3,3
TRBHTOR128F428CADE,2,1,3,1,3,2
TRBHTSP128F9307CC3,2,2,1,1,1,3
TRBHUDB128F429A663,2,3,1,1,3,2
TRBHUEU12903CB049A,2,3,3,3,3,2
TRBHUPU128F4230F81,1,3,2,3,1,3
TRBHUUZ128F425C46F,3,3,2,3,1,2
TRBHUVB128F148ADB8,1,2,1,3,2,3
TRBHWOM128F9322A72,1,2,2,2,2,3
TRBHYAU128F9334703,1,2,1,3,1,2
TRBHYIK128F92E210B,1,2,2,2,2,3
TRBHYTA128F93425AC,3,3,2,2,2,3
TRBHYYH128F42390AC,2,1,3,2,2,1
TRBHZAA128F4271AE9,2,2,1,3,2,2
TRBHZUN12903CA60F7,2,2,3,3,2,1
TRBHZYO128E07862BE,1,2,1,2,1,1
TRBIAVU128EF3493BA,1,2,2,3,2,3
TRBIBAQ128F93279F5,2,2,1,3,2,2
TRBIBKA128F42947BF,1,2,1,1,3,3
TRBIBTU128F92FDC9D,3,2,2,2,3,1
TRBIBVM128F4262E9D,2,3,3,3,3,2
TRBICGT128E0792473,3,2,2,1,1,2
TRBICRP128F42882BB,1,2,1,2,3,3
TRBICVB128F9326B65,2,2,1,3,3,2
TRBIDUD128F92FA11C,2,2,1,1,2,2
TRBIDUK128F42806A4,2,3,1,3,2,1
TRBIERO12903CC4BF5,2,3,1,3,1,3
TRBIFGK128F92F23A2,1,3,1,2,1,3
TRBIFOK128EF362D20,1,2,2,3,3,3
TRBIFUD128F1495AE2,1,2,1,2,3,1
TRBIGGV12903CABC77,1,2,2,3,2,3
TRBIGLR128F92E87DD,2,3,1,3,1,2
TRBIGRU128F145B139,1,3,2,2,1,2
TRBIGRY128F42597B3,2,3,3,3,1,1
TRBIGTG128F92EDBAC,1,2,3,2,2,3
TRBIHAU128F425C317,2,3,1,2,1,3
TRBIIEU128F9307C88,2,3,1,3,3,2
TRBIIOT128F423C594,2,3,1,1,1,3
TRBIIXI128F9344121,1,2,1,3,1,3
TRBIJES12903CF5B12,3,3,2,2,2,1
TRBIJFB128F92ED124,2,2,1,1,3,2
TRBIJMU12903CF892B,3,3,2,2,2,1
TRBIJYB128F14AE326,2,3,3,3,1,2